-- phpMyAdmin SQL Dump
-- version 5.2.0
-- https://www.phpmyadmin.net/
--
-- Host: 127.0.0.1
-- Generation Time: May 08, 2024 at 02:22 PM
-- Server version: 10.4.27-MariaDB
-- PHP Version: 7.4.33

SET SQL_MODE = "NO_AUTO_VALUE_ON_ZERO";
START TRANSACTION;
SET time_zone = "+00:00";


/*!40101 SET @OLD_CHARACTER_SET_CLIENT=@@CHARACTER_SET_CLIENT */;
/*!40101 SET @OLD_CHARACTER_SET_RESULTS=@@CHARACTER_SET_RESULTS */;
/*!40101 SET @OLD_COLLATION_CONNECTION=@@COLLATION_CONNECTION */;
/*!40101 SET NAMES utf8mb4 */;

--
-- Database: `stunting`
--

-- --------------------------------------------------------

--
-- Table structure for table `bbpb_bbtb`
--

CREATE TABLE `bbpb_bbtb` (
  `id` int(11) NOT NULL,
  `umur` int(11) NOT NULL,
  `tinggi` float NOT NULL,
  `-3_sd` float NOT NULL,
  `-2_sd` float NOT NULL,
  `min` float NOT NULL,
  `Med` float NOT NULL,
  `max` float NOT NULL,
  `+2_sd` float NOT NULL,
  `+3_sd` float NOT NULL,
  `nb` text NOT NULL
) ENGINE=InnoDB DEFAULT CHARSET=utf8mb4 COLLATE=utf8mb4_general_ci;

--
-- Dumping data for table `bbpb_bbtb`
--

INSERT INTO `bbpb_bbtb` (`id`, `umur`, `tinggi`, `-3_sd`, `-2_sd`, `min`, `Med`, `max`, `+2_sd`, `+3_sd`, `nb`) VALUES
(1, 0, 45, 1.9, 2, 2.2, 2.4, 2.7, 3, 3.3, 'male'),
(2, 0, 45.5, 1.9, 2.1, 2.3, 2.5, 2.8, 3.1, 3.4, 'male'),
(3, 0, 46, 2, 2.2, 2.4, 2.6, 2.9, 3.1, 3.5, 'male'),
(4, 0, 46.5, 2.1, 2.3, 2.5, 2.7, 3, 3.2, 3.6, 'male'),
(5, 0, 47, 2.1, 2.3, 2.5, 2.8, 3, 3.3, 3.7, 'male'),
(6, 0, 47.5, 2.2, 2.4, 2.6, 2.9, 3.1, 3.4, 3.8, 'male'),
(7, 0, 48, 2.3, 2.5, 2.7, 2.9, 3.2, 3.6, 3.9, 'male'),
(8, 0, 48.5, 2.3, 2.6, 2.8, 3, 3.3, 3.7, 4, 'male'),
(9, 0, 49, 2.4, 2.6, 2.9, 3.1, 3.4, 3.8, 4.2, 'male'),
(10, 0, 49.5, 2.5, 2.7, 3, 3.2, 3.5, 3.9, 4.3, 'male'),
(11, 0, 50, 2.6, 2.8, 3, 3.3, 3.6, 4, 4.4, 'male'),
(12, 0, 50.5, 2.7, 2.9, 3.1, 3.4, 3.8, 4.1, 4.5, 'male'),
(13, 0, 51, 2.7, 3, 3.2, 3.5, 3.9, 4.2, 4.7, 'male'),
(14, 0, 51.5, 2.8, 3.1, 3.3, 3.6, 4, 4.4, 4.8, 'male'),
(15, 0, 52, 2.9, 3.2, 3.5, 3.8, 4.1, 4.5, 5, 'male'),
(16, 0, 52.5, 3, 3.3, 3.6, 3.9, 4.2, 4.6, 5.1, 'male'),
(17, 0, 53, 3.1, 3.4, 3.7, 4, 4.4, 4.8, 5.3, 'male'),
(18, 0, 53.5, 3.2, 3.5, 3.8, 4.1, 4.5, 4.9, 5.4, 'male'),
(19, 0, 54, 3.3, 3.6, 3.9, 4.3, 4.7, 5.1, 5.6, 'male'),
(20, 0, 54.5, 3.4, 3.7, 4, 4.4, 4.8, 5.3, 5.8, 'male'),
(21, 0, 55, 3.6, 3.8, 4.2, 4.5, 5, 5.4, 6, 'male'),
(22, 0, 55.5, 3.7, 4, 4.3, 4.7, 5.1, 5.6, 6.1, 'male'),
(23, 0, 56, 3.8, 4.1, 4.4, 4.8, 5.3, 5.8, 6.3, 'male'),
(24, 0, 56.5, 3.9, 4.2, 4.6, 5, 5.4, 5.9, 6.5, 'male'),
(25, 0, 57, 4, 4.3, 4.7, 5.1, 5.6, 6.1, 6.7, 'male'),
(26, 0, 57.5, 4.1, 4.5, 4.9, 5.3, 5.7, 6.3, 6.9, 'male'),
(27, 0, 58, 4.3, 4.6, 5, 5.4, 5.9, 6.4, 7.1, 'male'),
(28, 0, 58.5, 4.4, 4.7, 5.1, 5.6, 6.1, 6.6, 7.2, 'male'),
(29, 0, 59, 4.5, 4.8, 5.3, 5.7, 6.2, 6.8, 7.4, 'male'),
(30, 0, 59.5, 4.6, 5, 5.4, 5.9, 6.4, 7, 7.6, 'male'),
(31, 0, 60, 4.7, 5.1, 5.5, 6, 6.5, 7.1, 7.8, 'male'),
(32, 0, 60.5, 4.8, 5.2, 5.6, 6.1, 6.7, 7.3, 8, 'male'),
(33, 0, 61, 4.9, 5.3, 5.8, 6.3, 6.8, 7.4, 8.1, 'male'),
(34, 0, 61.5, 5, 5.4, 5.9, 6.4, 7, 7.6, 8.3, 'male'),
(35, 0, 62, 5.1, 5.6, 6, 6.5, 7.1, 7.7, 8.5, 'male'),
(36, 0, 62.5, 5.2, 5.7, 6.1, 6.7, 7.2, 7.9, 8.6, 'male'),
(37, 0, 63, 5.3, 5.8, 6.2, 6.8, 7.4, 8, 8.8, 'male'),
(38, 0, 63.5, 5.4, 5.9, 6.4, 6.9, 7.5, 8.2, 8.9, 'male'),
(39, 0, 64, 5.5, 6, 6.5, 7, 7.6, 8.3, 9.1, 'male'),
(40, 0, 64.5, 5.6, 6.1, 6.6, 7.1, 7.8, 8.5, 9.3, 'male'),
(41, 0, 65, 5.7, 6.2, 6.7, 7.3, 7.9, 8.6, 9.4, 'male'),
(42, 0, 65.5, 5.8, 6.3, 6.8, 7.4, 8, 8.7, 9.6, 'male'),
(43, 0, 66, 5.9, 6.4, 6.9, 7.5, 8.2, 8.9, 9.7, 'male'),
(44, 0, 66.5, 6, 6.5, 7, 7.6, 8.3, 9, 9.9, 'male'),
(45, 0, 67, 6.1, 6.6, 7.1, 7.7, 8.4, 9.2, 10, 'male'),
(46, 0, 67.5, 6.2, 6.7, 7.2, 7.9, 8.5, 9.3, 10.2, 'male'),
(47, 0, 68, 6.3, 6.8, 7.3, 8, 8.7, 9.4, 10.3, 'male'),
(48, 0, 68.5, 6.4, 6.9, 7.5, 8.1, 8.8, 9.6, 10.5, 'male'),
(49, 0, 69, 6.5, 7, 7.6, 8.2, 8.9, 9.7, 10.6, 'male'),
(50, 0, 69.5, 6.6, 7.1, 7.7, 8.3, 9, 9.8, 10.8, 'male'),
(51, 0, 70, 6.6, 7.2, 7.8, 8.4, 9.2, 10, 10.9, 'male'),
(52, 0, 70.5, 6.7, 7.3, 7.9, 8.5, 9.3, 10.1, 11.1, 'male'),
(53, 0, 71, 6.8, 7.4, 8, 8.6, 9.4, 10.2, 11.2, 'male'),
(54, 0, 71.5, 6.9, 7.5, 8.1, 8.8, 9.5, 10.4, 11.3, 'male'),
(55, 0, 72, 7, 7.6, 8.2, 8.9, 9.6, 10.5, 11.5, 'male'),
(56, 0, 72.5, 7.1, 7.6, 8.3, 9, 9.8, 10.6, 11.6, 'male'),
(57, 0, 73, 7.2, 7.7, 8.4, 9.1, 9.9, 10.8, 11.8, 'male'),
(58, 0, 73.5, 7.2, 7.8, 8.5, 9.2, 10, 10.9, 11.9, 'male'),
(59, 0, 74, 7.3, 7.9, 8.6, 9.3, 10.1, 11, 12.1, 'male'),
(60, 0, 74.5, 7.4, 8, 8.7, 9.4, 10.2, 11.2, 12.2, 'male'),
(61, 0, 75, 7.5, 8.1, 8.8, 9.5, 10.3, 11.3, 12.3, 'male'),
(62, 0, 75.5, 7.6, 8.2, 8.8, 9.6, 10.4, 11.4, 12.5, 'male'),
(63, 0, 76, 7.6, 8.3, 8.9, 9.7, 10.6, 11.5, 12.6, 'male'),
(64, 0, 76.5, 7.7, 8.3, 9, 9.8, 10.7, 11.6, 12.7, 'male'),
(65, 0, 77, 7.8, 8.4, 9.1, 9.9, 10.8, 11.7, 12.8, 'male'),
(66, 0, 77.5, 7.9, 8.5, 9.2, 10, 10.9, 11.9, 13, 'male'),
(67, 0, 78, 7.9, 8.6, 9.3, 10.1, 11, 12, 13.1, 'male'),
(68, 0, 78.5, 8, 8.7, 9.4, 10.2, 11.1, 12.1, 13.2, 'male'),
(69, 0, 79, 8.1, 8.7, 9.5, 10.3, 11.2, 12.2, 13.3, 'male'),
(70, 0, 79.5, 8.2, 8.8, 9.5, 10.4, 11.3, 12.3, 13.4, 'male'),
(71, 0, 80, 8.2, 8.9, 9.6, 10.4, 11.4, 12.4, 13.6, 'male'),
(72, 0, 80.5, 8.3, 9, 9.7, 10.5, 11.5, 12.5, 13.7, 'male'),
(73, 0, 81, 8.4, 9.1, 9.8, 10.6, 11.6, 12.6, 13.8, 'male'),
(74, 0, 81.5, 8.5, 9.1, 9.9, 10.7, 11.7, 12.7, 13.9, 'male'),
(75, 0, 82, 8.5, 9.2, 10, 10.8, 11.8, 12.8, 14, 'male'),
(76, 0, 82.5, 8.6, 9.3, 10.1, 10.9, 11.9, 13, 14.2, 'male'),
(77, 0, 83, 8.7, 9.4, 10.2, 11, 12, 13.1, 14.3, 'male'),
(78, 0, 83.5, 8.8, 9.5, 10.3, 11.2, 12.1, 13.2, 14.4, 'male'),
(79, 0, 84, 8.9, 9.6, 10.4, 11.3, 12.2, 13.3, 14.6, 'male'),
(80, 0, 84.5, 9, 9.7, 10.5, 11.4, 12.4, 13.5, 14.7, 'male'),
(81, 0, 85, 9.1, 9.8, 10.6, 11.5, 12.5, 13.6, 14.9, 'male'),
(82, 0, 85.5, 9.2, 9.9, 10.7, 11.6, 12.6, 13.7, 15, 'male'),
(83, 0, 86, 9.3, 10, 10.8, 11.7, 12.8, 13.9, 15.2, 'male'),
(84, 0, 86.5, 9.4, 10.1, 11, 11.9, 12.9, 14, 15.3, 'male'),
(85, 0, 87, 9.5, 10.2, 11.1, 12, 13, 14.2, 15.5, 'male'),
(86, 0, 87.5, 9.6, 10.4, 11.2, 12.1, 13.2, 14.3, 15.6, 'male'),
(87, 0, 88, 9.7, 10.5, 11.3, 12.2, 13.3, 14.5, 15.8, 'male'),
(88, 0, 88.5, 9.8, 10.6, 11.4, 12.4, 13.4, 14.6, 15.9, 'male'),
(89, 0, 89, 9.9, 10.7, 11.5, 12.5, 13.5, 14.7, 16.1, 'male'),
(90, 0, 89.5, 10, 10.8, 11.6, 12.6, 13.7, 14.9, 16.2, 'male'),
(91, 0, 90, 10.1, 10.9, 11.8, 12.7, 13.8, 15, 16.4, 'male'),
(92, 0, 90.5, 10.2, 11, 11.9, 12.8, 13.9, 15.1, 16.5, 'male'),
(93, 0, 91, 10.3, 11.1, 12, 13, 14.1, 15.3, 16.7, 'male'),
(94, 0, 91.5, 10.4, 11.2, 12.1, 13.1, 14.2, 15.4, 16.8, 'male'),
(95, 0, 92, 10.5, 11.3, 12.2, 13.2, 14.3, 15.6, 17, 'male'),
(96, 0, 92.5, 10.6, 11.4, 12.3, 13.3, 14.4, 15.7, 17.1, 'male'),
(97, 0, 93, 10.7, 11.5, 12.4, 13.4, 14.6, 15.8, 17.3, 'male'),
(98, 0, 93.5, 10.7, 11.6, 12.5, 13.5, 14.7, 16, 17.4, 'male'),
(99, 0, 94, 10.8, 11.7, 12.6, 13.7, 14.8, 16.1, 17.6, 'male'),
(100, 0, 94.5, 10.9, 11.8, 12.7, 13.8, 14.9, 16.3, 17.7, 'male'),
(101, 0, 95, 11, 11.9, 12.8, 13.9, 15.1, 16.4, 17.9, 'male'),
(102, 0, 95.5, 11.1, 12, 12.9, 14, 15.2, 16.5, 18, 'male'),
(103, 0, 96, 11.2, 12.1, 13.1, 14.1, 15.3, 16.7, 18.2, 'male'),
(104, 0, 96.5, 11.3, 12.2, 13.2, 14.3, 15.5, 16.8, 18.4, 'male'),
(105, 0, 97, 11.4, 12.3, 13.3, 14.4, 15.6, 17, 18.5, 'male'),
(106, 0, 97.5, 11.5, 12.4, 13.4, 14.5, 15.7, 17.1, 18.7, 'male'),
(107, 0, 98, 11.6, 12.5, 13.5, 14.6, 15.9, 17.3, 18.9, 'male'),
(108, 0, 98.5, 11.7, 12.6, 13.6, 14.8, 16, 17.5, 19.1, 'male'),
(109, 0, 99, 11.8, 12.7, 13.7, 14.9, 16.2, 17.6, 19.2, 'male'),
(110, 0, 99.5, 11.9, 12.8, 13.9, 15, 16.3, 17.8, 19.4, 'male'),
(111, 0, 100, 12, 12.9, 14, 15.2, 16.5, 18, 19.6, 'male'),
(112, 0, 100.5, 12.1, 13, 14.1, 15.3, 16.6, 18.1, 19.8, 'male'),
(113, 0, 101, 12.2, 13.2, 14.2, 15.4, 16.8, 18.3, 20, 'male'),
(114, 0, 101.5, 12.3, 13.3, 14.4, 15.6, 16.9, 18.5, 20.2, 'male'),
(115, 0, 102, 12.4, 13.4, 14.5, 15.7, 17.1, 18.7, 20.4, 'male'),
(116, 0, 102.5, 12.5, 13.5, 14.6, 15.9, 17.3, 18.8, 20.6, 'male'),
(117, 0, 103, 12.6, 13.6, 14.8, 16, 17.4, 19, 20.8, 'male'),
(118, 0, 103.5, 12.7, 13.7, 14.9, 16.2, 17.6, 19.2, 21, 'male'),
(119, 0, 104, 12.8, 13.9, 15, 16.3, 17.8, 19.4, 21.2, 'male'),
(120, 0, 104.5, 12.9, 14, 15.2, 16.5, 17.9, 19.6, 21.5, 'male'),
(121, 0, 105, 13, 14.1, 15.3, 16.6, 18.1, 19.8, 21.7, 'male'),
(122, 0, 105.5, 13.2, 14.2, 15.4, 16.8, 18.3, 20, 21.9, 'male'),
(123, 0, 106, 13.3, 14.4, 15.6, 16.9, 18.5, 20.2, 22.1, 'male'),
(124, 0, 106.5, 13.4, 14.5, 15.7, 17.1, 18.6, 20.4, 22.4, 'male'),
(125, 0, 107, 13.5, 14.6, 15.9, 17.3, 18.8, 20.6, 22.6, 'male'),
(126, 0, 107.5, 13.6, 14.7, 16, 17.4, 19, 20.8, 22.8, 'male'),
(127, 0, 108, 13.7, 14.9, 16.2, 17.6, 19.2, 21, 23.1, 'male'),
(128, 0, 108.5, 13.8, 15, 16.3, 17.8, 19.4, 21.2, 23.3, 'male'),
(129, 0, 109, 14, 15.1, 16.5, 17.9, 19.6, 21.4, 23.6, 'male'),
(130, 0, 109.5, 14.1, 15.3, 16.6, 18.1, 19.8, 21.7, 23.8, 'male'),
(131, 0, 110, 14.2, 15.4, 16.8, 18.3, 20, 21.9, 24.1, 'male'),
(132, 2, 65, 5.9, 6.3, 6.9, 7.4, 8.1, 8.8, 9.6, 'male'),
(133, 2, 65.5, 6, 6.4, 7, 7.6, 8.2, 8.9, 9.8, 'male'),
(134, 2, 66, 6.1, 6.5, 7.1, 7.7, 8.3, 9.1, 9.9, 'male'),
(135, 2, 66.5, 6.1, 6.6, 7.2, 7.8, 8.5, 9.2, 10.1, 'male'),
(136, 2, 67, 6.2, 6.7, 7.3, 7.9, 8.6, 9.4, 10.2, 'male'),
(137, 2, 67.5, 6.3, 6.8, 7.4, 8, 8.7, 9.5, 10.4, 'male'),
(138, 2, 68, 6.4, 6.9, 7.5, 8.1, 8.8, 9.6, 10.5, 'male'),
(139, 2, 68.5, 6.5, 7, 7.6, 8.2, 9, 9.8, 10.7, 'male'),
(140, 2, 69, 6.6, 7.1, 7.7, 8.4, 9.1, 9.9, 10.8, 'male'),
(141, 2, 69.5, 6.7, 7.2, 7.8, 8.5, 9.2, 10, 11, 'male'),
(142, 2, 70, 6.8, 7.3, 7.9, 8.6, 9.3, 10.2, 11.1, 'male'),
(143, 2, 70.5, 6.9, 7.4, 8, 8.7, 9.5, 10.3, 11.3, 'male'),
(144, 2, 71, 6.9, 7.5, 8.1, 8.8, 9.6, 10.4, 11.4, 'male'),
(145, 2, 71.5, 7, 7.6, 8.2, 8.9, 9.7, 10.6, 11.6, 'male'),
(146, 2, 72, 7.1, 7.7, 8.3, 9, 9.8, 10.7, 11.7, 'male'),
(147, 2, 72.5, 7.2, 7.8, 8.4, 9.1, 9.9, 10.8, 11.8, 'male'),
(148, 2, 73, 7.3, 7.9, 8.5, 9.2, 10, 11, 12, 'male'),
(149, 2, 73.5, 7.4, 7.9, 8.6, 9.3, 10.2, 11.1, 12.1, 'male'),
(150, 2, 74, 7.4, 8, 8.7, 9.4, 10.3, 11.2, 12.2, 'male'),
(151, 2, 74.5, 7.5, 8.1, 8.8, 9.5, 10.4, 11.3, 12.4, 'male'),
(152, 2, 75, 7.6, 8.2, 8.9, 9.6, 10.5, 11.4, 12.5, 'male'),
(153, 2, 75.5, 7.7, 8.3, 9, 9.7, 10.6, 11.6, 12.6, 'male'),
(154, 2, 76, 7.7, 8.4, 9.1, 9.8, 10.7, 11.7, 12.8, 'male'),
(155, 2, 76.5, 7.8, 8.5, 9.2, 9.9, 10.8, 11.8, 12.9, 'male'),
(156, 2, 77, 7.9, 8.5, 9.2, 10, 10.9, 11.9, 13, 'male'),
(157, 2, 77.5, 8, 8.6, 9.3, 10.1, 11, 12, 13.1, 'male'),
(158, 2, 78, 8, 8.7, 9.4, 10.2, 11.1, 12.1, 13.3, 'male'),
(159, 2, 78.5, 8.1, 8.8, 9.5, 10.3, 11.2, 12.2, 13.4, 'male'),
(160, 2, 79, 8.2, 8.8, 9.6, 10.4, 11.3, 12.3, 13.5, 'male'),
(161, 2, 79.5, 8.3, 8.9, 9.7, 10.5, 11.4, 12.4, 13.6, 'male'),
(162, 2, 80, 8.3, 9, 9.7, 10.6, 11.5, 12.6, 13.7, 'male'),
(163, 2, 80.5, 8.4, 9.1, 9.8, 10.7, 11.6, 12.7, 13.8, 'male'),
(164, 2, 81, 8.5, 9.2, 9.9, 10.8, 11.7, 12.8, 14, 'male'),
(165, 2, 81.5, 8.6, 9.3, 10, 10.9, 11.8, 12.9, 14.1, 'male'),
(166, 2, 82, 8.7, 9.3, 10.1, 11, 11.9, 13, 14.2, 'male'),
(167, 2, 82.5, 8.7, 9.4, 10.2, 11.1, 12.1, 13.1, 14.4, 'male'),
(168, 2, 83, 8.8, 9.5, 10.3, 11.2, 12.2, 13.3, 14.5, 'male'),
(169, 2, 83.5, 8.9, 9.6, 10.4, 11.3, 12.3, 13.4, 14.6, 'male'),
(170, 2, 84, 9, 9.7, 10.5, 11.4, 12.4, 13.5, 14.8, 'male'),
(171, 2, 84.5, 9.1, 9.9, 10.7, 11.5, 12.5, 13.7, 14.9, 'male'),
(172, 2, 85, 9.2, 10, 10.8, 11.7, 12.7, 13.8, 15.1, 'male'),
(173, 2, 85.5, 9.3, 10.1, 10.9, 11.8, 12.8, 13.9, 15.2, 'male'),
(174, 2, 86, 9.4, 10.2, 11, 11.9, 12.9, 14.1, 15.4, 'male'),
(175, 2, 86.5, 9.5, 10.3, 11.1, 12, 13.1, 14.2, 15.5, 'male'),
(176, 2, 87, 9.6, 10.4, 11.2, 12.2, 13.2, 14.4, 15.7, 'male'),
(177, 2, 87.5, 9.7, 10.5, 11.3, 12.3, 13.3, 14.5, 15.8, 'male'),
(178, 2, 88, 9.8, 10.6, 11.5, 12.4, 13.5, 14.7, 16, 'male'),
(179, 2, 88.5, 9.9, 10.7, 11.6, 12.5, 13.6, 14.8, 16.1, 'male'),
(180, 2, 89, 10, 10.8, 11.7, 12.6, 13.7, 14.9, 16.3, 'male'),
(181, 2, 89.5, 10.1, 10.9, 11.8, 12.8, 13.9, 15.1, 16.4, 'male'),
(182, 2, 90, 10.2, 11, 11.9, 12.9, 14, 15.2, 16.6, 'male'),
(183, 2, 90.5, 10.3, 11.1, 12, 13, 14.1, 15.3, 16.7, 'male'),
(184, 2, 91, 10.4, 11.2, 12.1, 13.1, 14.2, 15.5, 16.9, 'male'),
(185, 2, 91.5, 10.5, 11.3, 12.2, 13.2, 14.4, 15.6, 17, 'male'),
(186, 2, 92, 10.6, 11.4, 12.3, 13.4, 14.5, 15.8, 17.2, 'male'),
(187, 2, 92.5, 10.7, 11.5, 12.4, 13.5, 14.6, 15.9, 17.3, 'male'),
(188, 2, 93, 10.8, 11.6, 12.6, 13.6, 14.7, 16, 17.5, 'male'),
(189, 2, 93.5, 10.9, 11.7, 12.7, 13.7, 14.9, 16.2, 17.6, 'male'),
(190, 2, 94, 11, 11.8, 12.8, 13.8, 15, 16.3, 17.8, 'male'),
(191, 2, 94.5, 11.1, 11.9, 12.9, 13.9, 15.1, 16.5, 17.9, 'male'),
(192, 2, 95, 11.1, 12, 13, 14.1, 15.3, 16.6, 18.1, 'male'),
(193, 2, 95.5, 11.2, 12.1, 13.1, 14.2, 15.4, 16.7, 18.3, 'male'),
(194, 2, 96, 11.3, 12.2, 13.2, 14.3, 15.5, 16.9, 18.4, 'male'),
(195, 2, 96.5, 11.4, 12.3, 13.3, 14.4, 15.7, 17, 18.6, 'male'),
(196, 2, 97, 11.5, 12.4, 13.4, 14.6, 15.8, 17.2, 18.8, 'male'),
(197, 2, 97.5, 11.6, 12.5, 13.6, 14.7, 15.9, 17.4, 18.9, 'male'),
(198, 2, 98, 11.7, 12.6, 13.7, 14.8, 16.1, 17.5, 19.1, 'male'),
(199, 2, 98.5, 11.8, 12.8, 13.8, 14.9, 16.2, 17.7, 19.3, 'male'),
(200, 2, 99, 11.9, 12.9, 13.9, 15.1, 16.4, 17.9, 19.5, 'male'),
(201, 2, 99.5, 12, 13, 14, 15.2, 16.5, 18, 19.7, 'male'),
(202, 2, 100, 12.1, 13.1, 14.2, 15.4, 16.7, 18.2, 19.9, 'male'),
(203, 2, 100.5, 12.2, 13.2, 14.3, 15.5, 16.9, 18.4, 20.1, 'male'),
(204, 2, 101, 12.3, 13.3, 14.4, 15.6, 17, 18.5, 20.3, 'male'),
(205, 2, 101.5, 12.4, 13.4, 14.5, 15.8, 17.2, 18.7, 20.5, 'male'),
(206, 2, 102, 12.5, 13.6, 14.7, 15.9, 17.3, 18.9, 20.7, 'male'),
(207, 2, 102.5, 12.6, 13.7, 14.8, 16.1, 17.5, 19.1, 20.9, 'male'),
(208, 2, 103, 12.8, 13.8, 14.9, 16.2, 17.7, 19.3, 21.1, 'male'),
(209, 2, 103.5, 12.9, 13.9, 15.1, 16.4, 17.8, 19.5, 21.3, 'male'),
(210, 2, 104, 13, 14, 15.2, 16.5, 18, 19.7, 21.6, 'male'),
(211, 2, 104.5, 13.1, 14.2, 15.4, 16.7, 18.2, 19.9, 21.8, 'male'),
(212, 2, 105, 13.2, 14.3, 15.5, 16.8, 18.4, 20.1, 22, 'male'),
(213, 2, 105.5, 13.3, 14.4, 15.6, 17, 18.5, 20.3, 22.2, 'male'),
(214, 2, 106, 13.4, 14.5, 15.8, 17.2, 18.7, 20.5, 22.5, 'male'),
(215, 2, 106.5, 13.5, 14.7, 15.9, 17.3, 18.9, 20.7, 22.7, 'male'),
(216, 2, 107, 13.7, 14.8, 16.1, 17.5, 19.1, 20.9, 22.9, 'male'),
(217, 2, 107.5, 13.8, 14.9, 16.2, 17.7, 19.3, 21.1, 23.2, 'male'),
(218, 2, 108, 13.9, 15.1, 16.4, 17.8, 19.5, 21.3, 23.4, 'male'),
(219, 2, 108.5, 14, 15.2, 16.5, 18, 19.7, 21.5, 23.7, 'male'),
(220, 2, 109, 14.1, 15.3, 16.7, 18.2, 19.8, 21.8, 23.9, 'male'),
(221, 2, 109.5, 14.3, 15.5, 16.8, 18.3, 20, 22, 24.2, 'male'),
(222, 2, 110, 14.4, 15.6, 17, 18.5, 20.2, 22.2, 24.4, 'male'),
(223, 2, 110.5, 14.5, 15.8, 17.1, 18.7, 20.4, 22.4, 24.7, 'male'),
(224, 2, 111, 14.6, 15.9, 17.3, 18.9, 20.7, 22.7, 25, 'male'),
(225, 2, 111.5, 14.8, 16, 17.5, 19.1, 20.9, 22.9, 25.2, 'male'),
(226, 2, 112, 14.9, 16.2, 17.6, 19.2, 21.1, 23.1, 25.5, 'male'),
(227, 2, 112.5, 15, 16.3, 17.8, 19.4, 21.3, 23.4, 25.8, 'male'),
(228, 2, 113, 15.2, 16.5, 18, 19.6, 21.5, 23.6, 26, 'male'),
(229, 2, 113.5, 15.3, 16.6, 18.1, 19.8, 21.7, 23.9, 26.3, 'male'),
(230, 2, 114, 15.4, 16.8, 18.3, 20, 21.9, 24.1, 26.6, 'male'),
(231, 2, 114.5, 15.6, 16.9, 18.5, 20.2, 22.1, 24.4, 26.9, 'male'),
(232, 2, 115, 15.7, 17.1, 18.6, 20.4, 22.4, 24.6, 27.2, 'male'),
(233, 2, 115.5, 15.8, 17.2, 18.8, 20.6, 22.6, 24.9, 27.5, 'male'),
(234, 2, 116, 16, 17.4, 19, 20.8, 22.8, 25.1, 27.8, 'male'),
(235, 2, 116.5, 16.1, 17.5, 19.2, 21, 23, 25.4, 28, 'male'),
(236, 2, 117, 16.2, 17.7, 19.3, 21.2, 23.3, 25.6, 28.3, 'male'),
(237, 2, 117.5, 16.4, 17.9, 19.5, 21.4, 23.5, 25.9, 28.6, 'male'),
(238, 2, 118, 16.5, 18, 19.7, 21.6, 23.7, 26.1, 28.9, 'male'),
(239, 2, 118.5, 16.7, 18.2, 19.9, 21.8, 23.9, 26.4, 29.2, 'male'),
(240, 2, 119, 16.8, 18.3, 20, 22, 24.1, 26.6, 29.5, 'male'),
(241, 2, 119.5, 16.9, 18.5, 20.2, 22.2, 24.4, 26.9, 29.8, 'male'),
(242, 2, 120, 17.1, 18.6, 20.4, 22.4, 24.6, 27.2, 30.1, 'male'),
(243, 0, 45, 1.9, 2.1, 2.3, 2.5, 2.7, 3, 3.3, 'female'),
(244, 0, 45.5, 2, 2.1, 2.3, 2.5, 2.8, 3.1, 3.4, 'female'),
(245, 0, 46, 2, 2.2, 2.4, 2.6, 2.9, 3.2, 3.5, 'female'),
(246, 0, 46.5, 2.1, 2.3, 2.5, 2.7, 3, 3.3, 3.6, 'female'),
(247, 0, 47, 2.2, 2.4, 2.6, 2.8, 3.1, 3.4, 3.7, 'female'),
(248, 0, 47.5, 2.2, 2.4, 2.6, 2.9, 3.2, 3.5, 3.8, 'female'),
(249, 0, 48, 2.3, 2.5, 2.7, 3, 3.3, 3.6, 4, 'female'),
(250, 0, 48.5, 2.4, 2.6, 2.8, 3.1, 3.4, 3.7, 4.1, 'female'),
(251, 0, 49, 2.4, 2.6, 2.9, 3.2, 3.5, 3.8, 4.2, 'female'),
(252, 0, 49.5, 2.5, 2.7, 3, 3.3, 3.6, 3.9, 4.3, 'female'),
(253, 0, 50, 2.6, 2.8, 3.1, 3.4, 3.7, 4, 4.5, 'female'),
(254, 0, 50.5, 2.7, 2.9, 3.2, 3.5, 3.8, 4.2, 4.6, 'female'),
(255, 0, 51, 2.8, 3, 3.3, 3.6, 3.9, 4.3, 4.8, 'female'),
(256, 0, 51.5, 2.8, 3.1, 3.4, 3.7, 4, 4.4, 4.9, 'female'),
(257, 0, 52, 2.9, 3.2, 3.5, 3.8, 4.2, 4.6, 5.1, 'female'),
(258, 0, 52.5, 3, 3.3, 3.6, 3.9, 4.3, 4.7, 5.2, 'female'),
(259, 0, 53, 3.1, 3.4, 3.7, 4, 4.4, 4.9, 5.4, 'female'),
(260, 0, 53.5, 3.2, 3.5, 3.8, 4.2, 4.6, 5, 5.5, 'female'),
(261, 0, 54, 3.3, 3.6, 3.9, 4.3, 4.7, 5.2, 5.7, 'female'),
(262, 0, 54.5, 3.4, 3.7, 4, 4.4, 4.8, 5.3, 5.9, 'female'),
(263, 0, 55, 3.5, 3.8, 4.2, 4.5, 5, 5.5, 6.1, 'female'),
(264, 0, 55.5, 3.6, 3.9, 4.3, 4.7, 5.1, 5.7, 6.3, 'female'),
(265, 0, 56, 3.7, 4, 4.4, 4.8, 5.3, 5.8, 6.4, 'female'),
(266, 0, 56.5, 3.8, 4.1, 4.5, 5, 5.4, 6, 6.6, 'female'),
(267, 0, 57, 3.9, 4.3, 4.6, 5.1, 5.6, 6.1, 6.8, 'female'),
(268, 0, 57.5, 4, 4.4, 4.8, 5.2, 5.7, 6.3, 7, 'female'),
(269, 0, 58, 4.1, 4.5, 4.9, 5.4, 5.9, 6.5, 7.1, 'female'),
(270, 0, 58.5, 4.2, 4.6, 5, 5.5, 6, 6.6, 7.3, 'female'),
(271, 0, 59, 4.3, 4.7, 5.1, 5.6, 6.2, 6.8, 7.5, 'female'),
(272, 0, 59.5, 4.4, 4.8, 5.3, 5.7, 6.3, 6.9, 7.7, 'female'),
(273, 0, 60, 4.5, 4.9, 5.4, 5.9, 6.4, 7.1, 7.8, 'female'),
(274, 0, 60.5, 4.6, 5, 5.5, 6, 6.6, 7.3, 8, 'female'),
(275, 0, 61, 4.7, 5.1, 5.6, 6.1, 6.7, 7.4, 8.2, 'female'),
(276, 0, 61.5, 4.8, 5.2, 5.7, 6.3, 6.9, 7.6, 8.4, 'female'),
(277, 0, 62, 4.9, 5.3, 5.8, 6.4, 7, 7.7, 8.5, 'female'),
(278, 0, 62.5, 5, 5.4, 5.9, 6.5, 7.1, 7.8, 8.7, 'female'),
(279, 0, 63, 5.1, 5.5, 6, 6.6, 7.3, 8, 8.8, 'female'),
(280, 0, 63.5, 5.2, 5.6, 6.2, 6.7, 7.4, 8.1, 9, 'female'),
(281, 0, 64, 5.3, 5.7, 6.3, 6.9, 7.5, 8.3, 9.1, 'female'),
(282, 0, 64.5, 5.4, 5.8, 6.4, 7, 7.6, 8.4, 9.3, 'female'),
(283, 0, 65, 5.5, 5.9, 6.5, 7.1, 7.8, 8.6, 9.5, 'female'),
(284, 0, 65.5, 5.5, 6, 6.6, 7.2, 7.9, 8.7, 9.6, 'female'),
(285, 0, 66, 5.6, 6.1, 6.7, 7.3, 8, 8.8, 9.8, 'female'),
(286, 0, 66.5, 5.7, 6.2, 6.8, 7.4, 8.1, 9, 9.9, 'female'),
(287, 0, 67, 5.8, 6.3, 6.9, 7.5, 8.3, 9.1, 10, 'female'),
(288, 0, 67.5, 5.9, 6.4, 7, 7.6, 8.4, 9.2, 10.2, 'female'),
(289, 0, 68, 6, 6.5, 7.1, 7.7, 8.5, 9.4, 10.3, 'female'),
(290, 0, 68.5, 6.1, 6.6, 7.2, 7.9, 8.6, 9.5, 10.5, 'female'),
(291, 0, 69, 6.1, 6.7, 7.3, 8, 8.7, 9.6, 10.6, 'female'),
(292, 0, 69.5, 6.2, 6.8, 7.4, 8.1, 8.8, 9.7, 10.7, 'female'),
(293, 0, 70, 6.3, 6.9, 7.5, 8.2, 9, 9.9, 10.9, 'female'),
(294, 0, 70.5, 6.4, 6.9, 7.6, 8.3, 9.1, 10, 11, 'female'),
(295, 0, 71, 6.5, 7, 7.7, 8.4, 9.2, 10.1, 11.1, 'female'),
(296, 0, 71.5, 6.5, 7.1, 7.7, 8.5, 9.3, 10.2, 11.3, 'female'),
(297, 0, 72, 6.6, 7.2, 7.8, 8.6, 9.4, 10.3, 11.4, 'female'),
(298, 0, 72.5, 6.7, 7.3, 7.9, 8.7, 9.5, 10.5, 11.5, 'female'),
(299, 0, 73, 6.8, 7.4, 8, 8.8, 9.6, 10.6, 11.7, 'female'),
(300, 0, 73.5, 6.9, 7.4, 8.1, 8.9, 9.7, 10.7, 11.8, 'female'),
(301, 0, 74, 6.9, 7.5, 8.2, 9, 9.8, 10.8, 11.9, 'female'),
(302, 0, 74.5, 7, 7.6, 8.3, 9.1, 9.9, 10.9, 12, 'female'),
(303, 0, 75, 7.1, 7.7, 8.4, 9.1, 10, 11, 12.2, 'female'),
(304, 0, 75.5, 7.1, 7.8, 8.5, 9.2, 10.1, 11.1, 12.3, 'female'),
(305, 0, 76, 7.2, 7.8, 8.5, 9.3, 10.2, 11.2, 12.4, 'female'),
(306, 0, 76.5, 7.3, 7.9, 8.6, 9.4, 10.3, 11.4, 12.5, 'female'),
(307, 0, 77, 7.4, 8, 8.7, 9.5, 10.4, 11.5, 12.6, 'female'),
(308, 0, 77.5, 7.4, 8.1, 8.8, 9.6, 10.5, 11.6, 12.8, 'female'),
(309, 0, 78, 7.5, 8.2, 8.9, 9.7, 10.6, 11.7, 12.9, 'female'),
(310, 0, 78.5, 7.6, 8.2, 9, 9.8, 10.7, 11.8, 13, 'female'),
(311, 0, 79, 7.7, 8.3, 9.1, 9.9, 10.8, 11.9, 13.1, 'female'),
(312, 0, 79.5, 7.7, 8.4, 9.1, 10, 10.9, 12, 13.3, 'female'),
(313, 0, 80, 7.8, 8.5, 9.2, 10.1, 11, 12.1, 13.4, 'female'),
(314, 0, 80.5, 7.9, 8.6, 9.3, 10.2, 11.2, 12.3, 13.5, 'female'),
(315, 0, 81, 8, 8.7, 9.4, 10.3, 11.3, 12.4, 13.7, 'female'),
(316, 0, 81.5, 8.1, 8.8, 9.5, 10.4, 11.4, 12.5, 13.8, 'female'),
(317, 0, 82, 8.1, 8.8, 9.6, 10.5, 11.5, 12.6, 13.9, 'female'),
(318, 0, 82.5, 8.2, 8.9, 9.7, 10.6, 11.6, 12.8, 14.1, 'female'),
(319, 0, 83, 8.3, 9, 9.8, 10.7, 11.8, 12.9, 14.2, 'female'),
(320, 0, 83.5, 8.4, 9.1, 9.9, 10.9, 11.9, 13.1, 14.4, 'female'),
(321, 0, 84, 8.5, 9.2, 10.1, 11, 12, 13.2, 14.5, 'female'),
(322, 0, 84.5, 8.6, 9.3, 10.2, 11.1, 12.1, 13.3, 14.7, 'female'),
(323, 0, 85, 8.7, 9.4, 10.3, 11.2, 12.3, 13.5, 14.9, 'female'),
(324, 0, 85.5, 8.8, 9.5, 10.4, 11.3, 12.4, 13.6, 15, 'female'),
(325, 0, 86, 8.9, 9.7, 10.5, 11.5, 12.6, 13.8, 15.2, 'female'),
(326, 0, 86.5, 9, 9.8, 10.6, 11.6, 12.7, 13.9, 15.4, 'female'),
(327, 0, 87, 9.1, 9.9, 10.7, 11.7, 12.8, 14.1, 15.5, 'female'),
(328, 0, 87.5, 9.2, 10, 10.9, 11.8, 13, 14.2, 15.7, 'female'),
(329, 0, 88, 9.3, 10.1, 11, 12, 13.1, 14.4, 15.9, 'female'),
(330, 0, 88.5, 9.4, 10.2, 11.1, 12.1, 13.2, 14.5, 16, 'female'),
(331, 0, 89, 9.5, 10.3, 11.2, 12.2, 13.4, 14.7, 16.2, 'female'),
(332, 0, 89.5, 9.6, 10.4, 11.3, 12.3, 13.5, 14.8, 16.4, 'female'),
(333, 0, 90, 9.7, 10.5, 11.4, 12.5, 13.7, 15, 16.5, 'female'),
(334, 0, 90.5, 9.8, 10.6, 11.5, 12.6, 13.8, 15.1, 16.7, 'female'),
(335, 0, 91, 9.9, 10.7, 11.7, 12.7, 13.9, 15.3, 16.9, 'female'),
(336, 0, 91.5, 10, 10.8, 11.8, 12.8, 14.1, 15.5, 17, 'female'),
(337, 0, 92, 10.1, 10.9, 11.9, 13, 14.2, 15.6, 17.2, 'female'),
(338, 0, 92.5, 10.1, 11, 12, 13.1, 14.3, 15.8, 17.4, 'female'),
(339, 0, 93, 10.2, 11.1, 12.1, 13.2, 14.5, 15.9, 17.5, 'female'),
(340, 0, 93.5, 10.3, 11.2, 12.2, 13.3, 14.6, 16.1, 17.7, 'female'),
(341, 0, 94, 10.4, 11.3, 12.3, 13.5, 14.7, 16.2, 17.9, 'female'),
(342, 0, 94.5, 10.5, 11.4, 12.4, 13.6, 14.9, 16.4, 18, 'female'),
(343, 0, 95, 10.6, 11.5, 12.6, 13.7, 15, 16.5, 18.2, 'female'),
(344, 0, 95.5, 10.7, 11.6, 12.7, 13.8, 15.2, 16.7, 18.4, 'female'),
(345, 0, 96, 10.8, 11.7, 12.8, 14, 15.3, 16.8, 18.6, 'female'),
(346, 0, 96.5, 10.9, 11.8, 12.9, 14.1, 15.4, 17, 18.7, 'female'),
(347, 0, 97, 11, 12, 13, 14.2, 15.6, 17.1, 18.9, 'female'),
(348, 0, 97.5, 11.1, 12.1, 13.1, 14.4, 15.7, 17.3, 19.1, 'female'),
(349, 0, 98, 11.2, 12.2, 13.3, 14.5, 15.9, 17.5, 19.3, 'female'),
(350, 0, 98.5, 11.3, 12.3, 13.4, 14.6, 16, 17.6, 19.5, 'female'),
(351, 0, 99, 11.4, 12.4, 13.5, 14.8, 16.2, 17.8, 19.6, 'female'),
(352, 0, 99.5, 11.5, 12.5, 13.6, 14.9, 16.3, 18, 19.8, 'female'),
(353, 0, 100, 11.6, 12.6, 13.7, 15, 16.5, 18.1, 20, 'female'),
(354, 0, 100.5, 11.7, 12.7, 13.9, 15.2, 16.6, 18.3, 20.2, 'female'),
(355, 0, 101, 11.8, 12.8, 14, 15.3, 16.8, 18.5, 20.4, 'female'),
(356, 0, 101.5, 11.9, 13, 14.1, 15.5, 17, 18.7, 20.6, 'female'),
(357, 0, 102, 12, 13.1, 14.3, 15.6, 17.1, 18.9, 20.8, 'female'),
(358, 0, 102.5, 12.1, 13.2, 14.4, 15.8, 17.3, 19, 21, 'female'),
(359, 0, 103, 12.3, 13.3, 14.5, 15.9, 17.5, 19.2, 21.3, 'female'),
(360, 0, 103.5, 12.4, 13.5, 14.7, 16.1, 17.6, 19.4, 21.5, 'female'),
(361, 0, 104, 12.5, 13.6, 14.8, 16.2, 17.8, 19.6, 21.7, 'female'),
(362, 0, 104.5, 12.6, 13.7, 15, 16.4, 18, 19.8, 21.9, 'female'),
(363, 0, 105, 12.7, 13.8, 15.1, 16.5, 18.2, 20, 22.2, 'female'),
(364, 0, 105.5, 12.8, 14, 15.3, 16.7, 18.4, 20.2, 22.4, 'female'),
(365, 0, 106, 13, 14.1, 15.4, 16.9, 18.5, 20.5, 22.6, 'female'),
(366, 0, 106.5, 13.1, 14.3, 15.6, 17.1, 18.7, 20.7, 22.9, 'female'),
(367, 0, 107, 13.2, 14.4, 15.7, 17.2, 18.9, 20.9, 23.1, 'female'),
(368, 0, 107.5, 13.3, 14.5, 15.9, 17.4, 19.1, 21.1, 23.4, 'female'),
(369, 0, 108, 13.5, 14.7, 16, 17.6, 19.3, 21.3, 23.6, 'female'),
(370, 0, 108.5, 13.6, 14.8, 16.2, 17.8, 19.5, 21.6, 23.9, 'female'),
(371, 0, 109, 13.7, 15, 16.4, 18, 19.7, 21.8, 24.2, 'female'),
(372, 0, 109.5, 13.9, 15.1, 16.5, 18.1, 20, 22, 24.4, 'female'),
(373, 0, 110, 14, 15.3, 16.7, 18.3, 20.2, 22.3, 24.7, 'female'),
(374, 2, 65, 5.6, 6.1, 6.6, 7.2, 7.9, 8.7, 9.7, 'female'),
(375, 2, 65.5, 5.7, 6.2, 6.7, 7.4, 8.1, 8.9, 9.8, 'female'),
(376, 2, 66, 5.8, 6.3, 6.8, 7.5, 8.2, 9, 10, 'female'),
(377, 2, 66.5, 5.8, 6.4, 6.9, 7.6, 8.3, 9.1, 10.1, 'female'),
(378, 2, 67, 5.9, 6.4, 7, 7.7, 8.4, 9.3, 10.2, 'female'),
(379, 2, 67.5, 6, 6.5, 7.1, 7.8, 8.5, 9.4, 10.4, 'female'),
(380, 2, 68, 6.1, 6.6, 7.2, 7.9, 8.7, 9.5, 10.5, 'female'),
(381, 2, 68.5, 6.2, 6.7, 7.3, 8, 8.8, 9.7, 10.7, 'female'),
(382, 2, 69, 6.3, 6.8, 7.4, 8.1, 8.9, 9.8, 10.8, 'female'),
(383, 2, 69.5, 6, 6.9, 7.5, 8.2, 9, 9.9, 10.9, 'female'),
(384, 2, 70, 6.4, 7, 7.6, 8.3, 9.1, 10, 11.1, 'female'),
(385, 2, 70.5, 6.5, 7.1, 7.7, 8.4, 9.2, 10.1, 11.2, 'female'),
(386, 2, 71, 6.6, 7.1, 7.8, 8.5, 9.3, 10.3, 11.3, 'female'),
(387, 2, 71.5, 6.7, 7.2, 7.9, 8.6, 9.4, 10.4, 11.5, 'female'),
(388, 2, 72, 6.7, 7.3, 8, 8.7, 9.5, 10.5, 11.6, 'female'),
(389, 2, 72.5, 6.8, 7.4, 8.1, 8.8, 9.7, 10.6, 11.7, 'female'),
(390, 2, 73, 6.9, 7.5, 8.1, 8.9, 9.8, 10.7, 11.8, 'female'),
(391, 2, 73.5, 7, 7.6, 8.2, 9, 9.9, 10.8, 12, 'female'),
(392, 2, 74, 7, 7.6, 8.3, 9.1, 10, 11, 12.1, 'female'),
(393, 2, 74.5, 7.1, 7.7, 8.4, 9.2, 10.1, 11.1, 12.2, 'female'),
(394, 2, 75, 7.2, 7.8, 8.5, 9.3, 10.2, 11.2, 12.3, 'female'),
(395, 2, 75.5, 7.2, 7.9, 8.6, 9.4, 10.3, 11.3, 12.5, 'female'),
(396, 2, 76, 7.3, 8, 8.7, 9.5, 10.4, 11.4, 12.6, 'female'),
(397, 2, 76.5, 7.4, 8, 8.7, 9.6, 10.5, 11.5, 12.7, 'female'),
(398, 2, 77, 7.5, 8.1, 8.8, 9.6, 10.6, 11.6, 12.8, 'female'),
(399, 2, 77.5, 7.5, 8.2, 8.9, 9.7, 10.7, 11.7, 12.9, 'female'),
(400, 2, 78, 7.6, 8.3, 9, 9.8, 10.8, 11.8, 13.1, 'female'),
(401, 2, 78.5, 7.7, 8.4, 9.1, 9.9, 10.9, 12, 13.2, 'female'),
(402, 2, 79, 7.8, 8.4, 9.2, 10, 11, 12.1, 13.3, 'female'),
(403, 2, 79.5, 7.8, 8.5, 9.3, 10.1, 11.1, 12.2, 13.4, 'female'),
(404, 2, 80, 7.9, 8.6, 9.4, 10.2, 11.2, 12.3, 13.6, 'female'),
(405, 2, 80.5, 8, 8.7, 9.5, 10.3, 11.3, 12.4, 13.7, 'female'),
(406, 2, 81, 8.1, 8.8, 9.6, 10.4, 11.4, 12.6, 13.9, 'female'),
(407, 2, 81.5, 8.2, 8.9, 9.7, 10.6, 11.6, 12.7, 14, 'female'),
(408, 2, 82, 8.3, 9, 9.8, 10.7, 11.7, 12.8, 14.1, 'female'),
(409, 2, 82.5, 8.4, 9.1, 9.9, 10.8, 11.8, 13, 14.3, 'female'),
(410, 2, 83, 8.5, 9.2, 10, 10.9, 11.9, 13.1, 14.5, 'female'),
(411, 2, 83.5, 8.5, 9.3, 10.1, 11, 12.1, 13.3, 14.6, 'female'),
(412, 2, 84, 8.6, 9.4, 10.2, 11.1, 12.2, 13.4, 14.8, 'female'),
(413, 2, 84.5, 8.7, 9.5, 10.3, 11.3, 12.3, 13.5, 14.9, 'female'),
(414, 2, 85, 8.8, 9.6, 10.4, 11.4, 12.5, 13.7, 15.1, 'female'),
(415, 2, 85.5, 8.9, 9.7, 10.6, 11.5, 12.6, 13.8, 15.3, 'female'),
(416, 2, 86, 9, 9.8, 10.7, 11.6, 12.7, 14, 15.4, 'female'),
(417, 2, 86.5, 9.1, 9.9, 10.8, 11.8, 12.9, 14.2, 15.6, 'female'),
(418, 2, 87, 9.2, 10, 10.9, 11.9, 13, 14.3, 15.8, 'female'),
(419, 2, 87.5, 9.3, 10.1, 11, 12, 13.2, 14.5, 15.9, 'female'),
(420, 2, 88, 9.4, 10.2, 11.1, 12.1, 13.3, 14.6, 16.1, 'female'),
(421, 2, 88.5, 9.5, 10.3, 11.2, 12.3, 13.4, 14.8, 16.3, 'female'),
(422, 2, 89, 9.6, 10.4, 11.4, 12.4, 13.6, 14.9, 16.4, 'female'),
(423, 2, 89.5, 9.7, 10.5, 11.5, 12.5, 13.7, 15.1, 16.6, 'female'),
(424, 2, 90, 9.8, 10.6, 11.6, 12.6, 13.8, 15.2, 16.8, 'female'),
(425, 2, 90.5, 9.9, 10.7, 11.7, 12.8, 14, 15.4, 16.9, 'female'),
(426, 2, 91, 10, 10.9, 11.8, 12.9, 14.1, 15.5, 17.1, 'female'),
(427, 2, 91.5, 10.1, 11, 11.9, 13, 14.3, 15.7, 17.3, 'female'),
(428, 2, 92, 10.2, 11.1, 12, 13.1, 14.4, 15.8, 17.4, 'female'),
(429, 2, 92.5, 10.3, 11.2, 12.1, 13.3, 14.5, 16, 17.6, 'female'),
(430, 2, 93, 10.4, 11.3, 12.3, 13.4, 14.7, 16.1, 17.8, 'female'),
(431, 2, 93.5, 10.5, 11.4, 12.4, 13.5, 14.8, 16.3, 17.9, 'female'),
(432, 2, 94, 10.6, 11.5, 12.5, 13.6, 14.9, 16.4, 18.1, 'female'),
(433, 2, 94.5, 10.7, 11.6, 12.6, 13.8, 15.1, 16.6, 18.3, 'female'),
(434, 2, 95, 10.8, 11.7, 12.7, 13.9, 15.2, 16.7, 18.5, 'female'),
(435, 2, 95.5, 10.8, 11.8, 12.8, 14, 15.4, 16.9, 18.6, 'female'),
(436, 2, 96, 10.9, 11.9, 12.9, 14.1, 15.5, 17, 18.8, 'female'),
(437, 2, 96.5, 11, 12, 13.1, 14.3, 15.6, 17.2, 19, 'female'),
(438, 2, 97, 11.1, 12.1, 13.2, 14.4, 15.8, 17.4, 19.2, 'female'),
(439, 2, 97.5, 11.2, 12.2, 13.3, 14.5, 15.9, 17.5, 19.3, 'female'),
(440, 2, 98, 11.3, 12.3, 13.4, 14.7, 16.1, 17.7, 19.5, 'female'),
(441, 2, 98.5, 11.4, 12.4, 13.5, 14.8, 16.2, 17.9, 19.7, 'female'),
(442, 2, 99, 11.5, 12.5, 13.7, 14.9, 16.4, 18, 19.9, 'female'),
(443, 2, 99.5, 11.6, 12.7, 13.8, 15.1, 16.5, 18.2, 20.1, 'female'),
(444, 2, 100, 11.7, 12.8, 13.9, 15.2, 16.7, 18.4, 20.3, 'female'),
(445, 2, 100.5, 11.9, 12.9, 14.1, 15.4, 16.9, 18.6, 20.5, 'female'),
(446, 2, 101, 12, 13, 14.2, 15.5, 17, 18.7, 20.7, 'female'),
(447, 2, 101.5, 12.1, 13.1, 14.3, 15.7, 17.2, 18.9, 20.9, 'female'),
(448, 2, 102, 12.2, 13.3, 14.5, 15.8, 17.4, 19.1, 21.1, 'female'),
(449, 2, 102.5, 12.3, 13.4, 14.6, 16, 17.5, 19.3, 21.4, 'female'),
(450, 2, 103, 12.4, 13.5, 14.7, 16.1, 17.7, 19.5, 21.6, 'female'),
(451, 2, 103.5, 12.5, 13.6, 14.9, 16.3, 17.9, 19.7, 21.8, 'female'),
(452, 2, 104, 12.6, 13.8, 15, 16.4, 18.1, 19.9, 22, 'female'),
(453, 2, 104.5, 12.8, 13.9, 15.2, 16.6, 18.2, 20.1, 22.3, 'female'),
(454, 2, 105, 12.9, 14, 15.3, 16.8, 18.4, 20.3, 22.5, 'female'),
(455, 2, 105.5, 13, 14.2, 15.5, 16.9, 18.6, 20.5, 22.7, 'female'),
(456, 2, 106, 13.1, 14.3, 15.6, 17.1, 18.8, 20.8, 23, 'female'),
(457, 2, 106.5, 13.3, 14.5, 15.8, 17.3, 19, 21, 23.2, 'female'),
(458, 2, 107, 13.4, 14.6, 15.9, 17.5, 19.2, 21.2, 23.5, 'female'),
(459, 2, 107.5, 13.5, 14.7, 16.1, 17.7, 19.4, 21.4, 23.7, 'female'),
(460, 2, 108, 13.7, 14.9, 16.3, 17.8, 19.6, 21.7, 24, 'female'),
(461, 2, 108.5, 13.8, 15, 16.4, 18, 19.8, 21.9, 24.3, 'female'),
(462, 2, 109, 13.9, 15.2, 16.6, 18.2, 20, 22.1, 24.5, 'female'),
(463, 2, 109.5, 14.1, 15.4, 16.8, 18.4, 20.3, 22.4, 24.8, 'female'),
(464, 2, 110, 14.2, 15.5, 17, 18.6, 20.5, 22.6, 25.1, 'female'),
(465, 2, 110.5, 14.4, 15.7, 17.1, 18.8, 20.7, 22.9, 25.4, 'female'),
(466, 2, 111, 14.5, 15.8, 17.3, 19, 20.9, 23.1, 25.7, 'female'),
(467, 2, 111.5, 14.7, 16, 17.5, 19.2, 21.2, 23.4, 26, 'female'),
(468, 2, 112, 14.8, 16.2, 17.7, 19.4, 21.4, 23.6, 26.2, 'female'),
(469, 2, 112.5, 15, 16.3, 17.9, 19.6, 21.6, 23.9, 26.5, 'female'),
(470, 2, 113, 15.1, 16.5, 18, 19.8, 21.8, 24.2, 26.8, 'female'),
(471, 2, 113.5, 15.3, 16.7, 18.2, 20, 22.1, 24.4, 27.1, 'female'),
(472, 2, 114, 15.4, 16.8, 18.4, 20.2, 22.3, 24.7, 27.4, 'female'),
(473, 2, 114.5, 15.6, 17, 18.6, 20.5, 22.6, 25, 27.8, 'female'),
(474, 2, 115, 15.7, 17.2, 18.8, 20.7, 22.8, 25.2, 28.1, 'female'),
(475, 2, 115.5, 15.9, 17.3, 19, 20.9, 23, 25.5, 28.4, 'female'),
(476, 2, 116, 16, 17.5, 19.2, 21.1, 23.3, 25.8, 28.7, 'female'),
(477, 2, 116.5, 16.2, 17.7, 19.4, 21.3, 23.5, 26.1, 29, 'female'),
(478, 2, 117, 16.3, 17.8, 19.6, 21.5, 23.8, 26.3, 29.3, 'female'),
(479, 2, 117.5, 16.5, 18, 19.8, 21.7, 24, 26.6, 29.6, 'female'),
(480, 2, 118, 16.6, 18.2, 19.9, 22, 24.2, 26.9, 29.9, 'female'),
(481, 2, 118.5, 16.8, 18.4, 20.1, 22.2, 24.5, 27.2, 30.3, 'female'),
(482, 2, 119, 16.9, 18.5, 20.3, 22.4, 24.7, 27.4, 30.6, 'female'),
(483, 2, 119.5, 17.1, 18.7, 20.5, 22.6, 25, 27.7, 30.9, 'female'),
(484, 2, 120, 17.3, 18.9, 20.7, 22.8, 25.2, 28, 31.2, 'female');

-- --------------------------------------------------------

--
-- Table structure for table `bbu`
--

CREATE TABLE `bbu` (
  `id` int(11) NOT NULL,
  `umur` int(11) NOT NULL,
  `-3_sd` float NOT NULL,
  `-2_sd` float NOT NULL,
  `min` float NOT NULL,
  `Med` float NOT NULL,
  `max` float NOT NULL,
  `+2_sd` float NOT NULL,
  `+3_sd` float NOT NULL,
  `nb` text NOT NULL
) ENGINE=InnoDB DEFAULT CHARSET=utf8mb4 COLLATE=utf8mb4_general_ci;

--
-- Dumping data for table `bbu`
--

INSERT INTO `bbu` (`id`, `umur`, `-3_sd`, `-2_sd`, `min`, `Med`, `max`, `+2_sd`, `+3_sd`, `nb`) VALUES
(1, 0, 2.1, 2.5, 2.9, 3.3, 3.9, 4.4, 5, 'male'),
(2, 1, 2.9, 3.4, 3.9, 4.5, 5.1, 5.8, 6.6, 'male'),
(3, 2, 3.8, 4.3, 4.9, 5.6, 6.3, 7.1, 8, 'male'),
(4, 3, 4.4, 5, 5.7, 6.4, 7.2, 8, 9, 'male'),
(5, 4, 4.9, 5.6, 6.2, 7, 7.8, 8.7, 9.7, 'male'),
(6, 5, 5.3, 6, 6.7, 7.5, 8.4, 9.3, 10.4, 'male'),
(7, 6, 5.7, 6.4, 7.1, 7.9, 8.8, 9.8, 10.9, 'male'),
(8, 7, 5.9, 6.7, 7.4, 8.3, 9.2, 10.3, 11.4, 'male'),
(9, 8, 6.2, 6.9, 7.7, 8.6, 9.6, 10.7, 11.9, 'male'),
(10, 9, 6.4, 7.1, 8, 8.9, 9.9, 11, 12.3, 'male'),
(11, 10, 6.6, 7.4, 8.2, 9.2, 10.2, 11.4, 12.7, 'male'),
(12, 11, 6.8, 7.6, 8.4, 9.4, 10.5, 11.7, 13, 'male'),
(13, 12, 6.9, 7.7, 8.6, 9.6, 10.8, 12, 13.3, 'male'),
(14, 13, 7.1, 7.9, 8.8, 9.9, 11, 12.3, 13.7, 'male'),
(15, 14, 7.2, 8.1, 9, 10.1, 11.3, 12.6, 14, 'male'),
(16, 15, 7.4, 8.3, 9.2, 10.3, 11.5, 12.8, 14.3, 'male'),
(17, 16, 7.5, 8.4, 9.4, 10.5, 11.7, 13.1, 14.6, 'male'),
(18, 17, 7.7, 8.6, 9.6, 10.7, 12, 13.4, 14.9, 'male'),
(19, 18, 7.8, 8.8, 9.8, 10.9, 12.2, 13.7, 15.3, 'male'),
(20, 19, 8, 8.9, 10, 11.1, 12.5, 13.9, 15.6, 'male'),
(21, 20, 8.1, 9.1, 10.1, 11.3, 12.7, 14.2, 15.9, 'male'),
(22, 21, 8.2, 9.2, 10.3, 11.5, 12.9, 14.5, 16.2, 'male'),
(23, 22, 8.4, 9.4, 10.5, 11.8, 13.2, 14.7, 16.5, 'male'),
(24, 23, 8.5, 9.5, 10.7, 12, 13.4, 15, 16.8, 'male'),
(25, 24, 8.6, 9.7, 10.8, 12.2, 13.6, 15.3, 17.1, 'male'),
(26, 25, 8.8, 9.8, 11, 12.4, 13.9, 15.5, 17.5, 'male'),
(27, 26, 8.9, 10, 11.2, 12.5, 14.1, 15.8, 17.8, 'male'),
(28, 27, 9, 10.1, 11.3, 12.7, 14.3, 16.1, 18.1, 'male'),
(29, 28, 9.1, 10.2, 11.5, 12.9, 14.5, 16.3, 18.4, 'male'),
(30, 29, 9.2, 10.4, 11.7, 13.1, 14.8, 16.6, 18.7, 'male'),
(31, 30, 9.4, 10.5, 11.8, 13.3, 15, 16.9, 19, 'male'),
(32, 31, 9.5, 10.7, 12, 13.5, 15.2, 17.1, 19.3, 'male'),
(33, 32, 9.6, 10.8, 12.1, 13.7, 15.4, 17.4, 19.6, 'male'),
(34, 33, 9.7, 10.9, 12.3, 13.8, 15.6, 17.6, 19.9, 'male'),
(35, 34, 9.8, 11, 12.4, 14, 15.8, 17.8, 20.2, 'male'),
(36, 35, 9.9, 11.2, 12.6, 14.2, 16, 18.1, 20.4, 'male'),
(37, 36, 10, 11.3, 12.7, 14.3, 16.2, 18.3, 20.7, 'male'),
(38, 37, 10.1, 11.4, 12.9, 14.5, 16.4, 18.6, 21, 'male'),
(39, 38, 10.2, 11.5, 13, 14.7, 16.6, 18.8, 21.3, 'male'),
(40, 39, 10.3, 11.6, 13.1, 14.8, 16.8, 19, 21.6, 'male'),
(41, 40, 10.4, 11.8, 13.3, 15, 17, 19.3, 21.9, 'male'),
(42, 41, 10.5, 11.9, 13.4, 15.2, 17.2, 19.5, 22.1, 'male'),
(43, 42, 10.6, 12, 13.6, 15.3, 17.4, 19.7, 22.4, 'male'),
(44, 43, 10.7, 12.1, 13.7, 15.5, 17.6, 20, 22.7, 'male'),
(45, 44, 10.8, 12.2, 13.8, 15.7, 17.8, 20.2, 23, 'male'),
(46, 45, 10.9, 12.4, 14, 15.8, 18, 20.5, 23.3, 'male'),
(47, 46, 11, 12.5, 14.1, 16, 18.2, 20.7, 23.6, 'male'),
(48, 47, 11.1, 12.6, 14.3, 16.2, 18.4, 20.9, 23.9, 'male'),
(49, 48, 11.2, 12.7, 14.4, 16.3, 18.6, 21.2, 24.2, 'male'),
(50, 49, 11.3, 12.8, 14.5, 16.5, 18.8, 21.4, 24.5, 'male'),
(51, 50, 11.4, 12.9, 14.7, 16.7, 19, 21.7, 24.8, 'male'),
(52, 51, 11.5, 13.1, 14.8, 16.8, 19.2, 21.9, 25.1, 'male'),
(53, 52, 11.6, 13.2, 15, 17, 19.4, 22.2, 25.4, 'male'),
(54, 53, 11.7, 13.3, 15.1, 17.2, 19.6, 22.4, 25.7, 'male'),
(55, 54, 11.8, 13.4, 15.2, 17.3, 19.8, 22.7, 26, 'male'),
(56, 55, 11.9, 13.5, 15.4, 17.5, 20, 22.9, 26.3, 'male'),
(57, 56, 12, 13.6, 15.5, 17.7, 20.2, 23.2, 26.6, 'male'),
(58, 57, 12.1, 13.7, 15.6, 17.8, 20.4, 23.4, 26.9, 'male'),
(59, 58, 12.2, 13.8, 15.8, 18, 20.6, 23.7, 27.2, 'male'),
(60, 59, 12.3, 14, 15.9, 18.2, 20.8, 23.9, 27.6, 'male'),
(61, 60, 12.4, 14.1, 16, 18.3, 21, 24.2, 27.9, 'male'),
(62, 0, 2, 2.4, 2.8, 3.2, 3.7, 4.2, 4.8, 'female'),
(63, 1, 2.7, 3.2, 3.6, 4.2, 4.8, 5.5, 6.2, 'female'),
(64, 2, 3.4, 3.9, 4.5, 5.1, 5.8, 6.6, 7.5, 'female'),
(65, 3, 4, 4.5, 5.2, 5.8, 6.6, 7.5, 8.5, 'female'),
(66, 4, 4.4, 5, 5.7, 6.4, 7.3, 8.2, 9.3, 'female'),
(67, 5, 4.8, 5.4, 6.1, 6.9, 7.8, 8.8, 10, 'female'),
(68, 6, 5.1, 5.7, 6.5, 7.3, 8.2, 9.3, 10.6, 'female'),
(69, 7, 5.3, 6, 6.8, 7.6, 8.6, 9.8, 11.1, 'female'),
(70, 8, 5.6, 6.3, 7, 7.9, 9, 10.2, 11.6, 'female'),
(71, 9, 5.8, 6.5, 7.3, 8.2, 9.3, 10.5, 12, 'female'),
(72, 10, 5.9, 6.7, 7.5, 8.5, 9.6, 10.9, 12.4, 'female'),
(73, 11, 6.1, 6.9, 7.7, 8.7, 9.9, 11.2, 12.8, 'female'),
(74, 12, 6.3, 7, 7.9, 8.9, 10.1, 11.5, 13.1, 'female'),
(75, 13, 6.4, 7.2, 8.1, 9.2, 10.4, 11.8, 13.5, 'female'),
(76, 14, 6.6, 7.4, 8.3, 9.4, 10.6, 12.1, 13.8, 'female'),
(77, 15, 6.7, 7.6, 8.5, 9.6, 10.9, 12.4, 14.1, 'female'),
(78, 16, 6.9, 7.7, 8.7, 9.8, 11.1, 12.6, 14.5, 'female'),
(79, 17, 7, 7.9, 8.9, 10, 11.4, 12.9, 14.8, 'female'),
(80, 18, 7.2, 8.1, 9.1, 10.2, 11.6, 13.2, 15.1, 'female'),
(81, 19, 7.3, 8.2, 9.2, 10.4, 11.8, 13.5, 15.4, 'female'),
(82, 20, 7.5, 8.4, 9.4, 10.6, 12.1, 13.7, 15.7, 'female'),
(83, 21, 7.6, 8.6, 9.6, 10.9, 12.3, 14, 16, 'female'),
(84, 22, 7.8, 8.7, 9.8, 11.1, 12.5, 14.3, 16.4, 'female'),
(85, 23, 7.9, 8.9, 10, 11.3, 12.8, 14.6, 16.7, 'female'),
(86, 24, 8.1, 9, 10.2, 11.5, 13, 14.8, 17, 'female'),
(87, 25, 8.2, 9.2, 10.3, 11.7, 13.3, 15.1, 17.3, 'female'),
(88, 26, 8.4, 9.4, 10.5, 11.9, 13.5, 15.4, 17.7, 'female'),
(89, 27, 8.5, 9.5, 10.7, 12.1, 13.7, 15.7, 18, 'female'),
(90, 28, 8.6, 9.7, 10.9, 12.3, 14, 16, 18.3, 'female'),
(91, 29, 8.8, 9.8, 11.1, 12.5, 14.2, 16.2, 18.7, 'female'),
(92, 30, 8.9, 10, 11.2, 12.7, 14.4, 16.5, 19, 'female'),
(93, 31, 9, 10.1, 11.4, 12.9, 14.7, 16.8, 19.3, 'female'),
(94, 32, 9.1, 10.3, 11.6, 13.1, 14.9, 17.1, 19.6, 'female'),
(95, 33, 9.3, 10.4, 11.7, 13.3, 15.1, 17.3, 20, 'female'),
(96, 34, 9.4, 10.5, 11.9, 13.5, 15.4, 17.6, 20.3, 'female'),
(97, 35, 9.5, 10.7, 12, 13.7, 15.6, 17.9, 20.6, 'female'),
(98, 36, 9.6, 10.8, 12.2, 13.9, 15.8, 18.1, 20.9, 'female'),
(99, 37, 9.7, 10.9, 12.4, 14, 16, 18.4, 21.3, 'female'),
(100, 38, 9.8, 11.1, 12.5, 14.2, 16.3, 18.7, 21.6, 'female'),
(101, 39, 9.9, 11.2, 12.7, 14.4, 16.5, 19, 22, 'female'),
(102, 40, 10.1, 11.3, 12.8, 14.6, 16.7, 19.2, 22.3, 'female'),
(103, 41, 10.2, 11.5, 13, 14.8, 16.9, 19.5, 22.7, 'female'),
(104, 42, 10.3, 11.6, 13.1, 15, 17.2, 19.8, 23, 'female'),
(105, 43, 10.4, 11.7, 13.3, 15.2, 17.4, 20.1, 23.4, 'female'),
(106, 44, 10.5, 11.8, 13.4, 15.3, 17.6, 20.4, 23.7, 'female'),
(107, 45, 10.6, 12, 13.6, 15.5, 17.8, 20.7, 24.1, 'female'),
(108, 46, 10.7, 12.1, 13.7, 15.7, 18.1, 20.9, 24.5, 'female'),
(109, 47, 10.8, 12.2, 13.9, 15.9, 18.3, 21.2, 24.8, 'female'),
(110, 48, 10.9, 12.3, 14, 16.1, 18.5, 21.5, 25.2, 'female'),
(111, 49, 11, 12.4, 14.2, 16.3, 18.8, 21.8, 25.5, 'female'),
(112, 50, 11.1, 12.6, 14.3, 16.4, 19, 22.1, 25.9, 'female'),
(113, 51, 11.2, 12.7, 14.5, 16.6, 19.2, 22.4, 26.3, 'female'),
(114, 52, 11.3, 12.8, 14.6, 16.8, 19.4, 22.6, 26.6, 'female'),
(115, 53, 11.4, 12.9, 14.8, 17, 19.7, 22.9, 27, 'female'),
(116, 54, 11.5, 13, 14.9, 17.2, 19.9, 23.2, 27.4, 'female'),
(117, 55, 11.6, 13.2, 15.1, 17.3, 20.1, 23.5, 27.7, 'female'),
(118, 56, 11.7, 13.3, 15.2, 17.5, 20.3, 23.8, 28.1, 'female'),
(119, 57, 11.8, 13.4, 15.3, 17.7, 20.6, 24.1, 28.5, 'female'),
(120, 58, 11.9, 13.5, 15.5, 17.9, 20.8, 24.4, 28.8, 'female'),
(121, 59, 12, 13.6, 15.6, 18, 21, 24.6, 29.2, 'female'),
(122, 60, 12.1, 13.7, 15.8, 18.2, 21.2, 24.9, 29.5, 'female');

-- --------------------------------------------------------

--
-- Table structure for table `data_pengukuran`
--

CREATE TABLE `data_pengukuran` (
  `id` int(11) NOT NULL,
  `name` text NOT NULL,
  `gender` varchar(128) NOT NULL,
  `date_brith` date NOT NULL,
  `parents` text NOT NULL,
  `address` text NOT NULL,
  `date_create` datetime DEFAULT NULL,
  `mass` text NOT NULL,
  `height` text NOT NULL,
  `head` text NOT NULL
) ENGINE=InnoDB DEFAULT CHARSET=utf8mb4 COLLATE=utf8mb4_general_ci;

--
-- Dumping data for table `data_pengukuran`
--

INSERT INTO `data_pengukuran` (`id`, `name`, `gender`, `date_brith`, `parents`, `address`, `date_create`, `mass`, `height`, `head`) VALUES
(7, 'Mohammad As\'ad Rosyadi', 'Male', '2023-05-16', 'name', 'name', '2024-05-01 06:55:21', '5', '68', '41.9'),
(38, 'name', 'Male', '2022-02-03', '', '', '2024-05-01 09:18:57', '15', '90', '51'),
(39, '1', 'Male', '1998-05-16', '', '', '2024-05-01 09:41:05', '9.4', '10.00', '10.00'),
(40, '2', 'Male', '2023-05-16', '', '', '2024-05-01 09:41:05', '5.8', '68', '40');

-- --------------------------------------------------------

--
-- Table structure for table `headu`
--

CREATE TABLE `headu` (
  `id` int(11) NOT NULL,
  `umur` int(11) NOT NULL,
  `-3_sd` float NOT NULL,
  `-2_sd` float NOT NULL,
  `min` float NOT NULL,
  `Med` float NOT NULL,
  `max` float NOT NULL,
  `+2_sd` float NOT NULL,
  `+3_sd` float NOT NULL,
  `nb` text NOT NULL
) ENGINE=InnoDB DEFAULT CHARSET=utf8mb4 COLLATE=utf8mb4_general_ci;

--
-- Dumping data for table `headu`
--

INSERT INTO `headu` (`id`, `umur`, `-3_sd`, `-2_sd`, `min`, `Med`, `max`, `+2_sd`, `+3_sd`, `nb`) VALUES
(1, 0, 30.7, 31.9, 33.2, 34.5, 35.7, 37, 38.3, 'male'),
(2, 1, 33.8, 34.9, 36.1, 37.3, 38.4, 39.6, 40.8, 'male'),
(3, 2, 35.6, 36.8, 38, 39.1, 40.3, 41.5, 42.6, 'male'),
(4, 3, 37, 38.1, 39.3, 40.5, 41.7, 42.9, 44.1, 'male'),
(5, 4, 38, 39.2, 40.4, 41.6, 42.8, 44, 45.2, 'male'),
(6, 5, 38.9, 40.1, 41.4, 42.6, 43.8, 45, 46.2, 'male'),
(7, 6, 39.7, 40.9, 42.1, 43.3, 44.6, 45.8, 47, 'male'),
(8, 7, 40.3, 41.5, 42.7, 44, 45.2, 46.4, 47.7, 'male'),
(9, 8, 40.8, 42, 43.3, 44.5, 45.8, 47, 48.3, 'male'),
(10, 9, 41.2, 42.5, 43.7, 45, 46.3, 47.5, 48.8, 'male'),
(11, 10, 41.6, 42.9, 44.1, 45.4, 46.7, 47.9, 49.2, 'male'),
(12, 11, 41.9, 43.2, 44.5, 45.8, 47, 48.3, 49.6, 'male'),
(13, 12, 42.2, 43.5, 44.8, 46.1, 47.4, 48.6, 49.9, 'male'),
(14, 13, 42.5, 43.8, 45, 46.3, 47.6, 48.9, 50.2, 'male'),
(15, 14, 42.7, 44, 45.3, 46.6, 47.9, 49.2, 50.5, 'male'),
(16, 15, 42.9, 44.2, 45.5, 46.8, 48.1, 49.4, 50.7, 'male'),
(17, 16, 43.1, 44.4, 45.7, 47, 48.3, 49.6, 51, 'male'),
(18, 17, 43.2, 44.6, 45.9, 47.2, 48.5, 49.8, 51.2, 'male'),
(19, 18, 43.4, 44.7, 46, 47.4, 48.7, 50, 51.4, 'male'),
(20, 19, 43.5, 44.9, 46.2, 47.5, 48.9, 50.2, 51.5, 'male'),
(21, 20, 43.7, 45, 46.4, 47.7, 49, 50.4, 51.7, 'male'),
(22, 21, 43.8, 45.2, 46.5, 47.8, 49.2, 50.5, 51.9, 'male'),
(23, 22, 43.9, 45.3, 46.6, 48, 49.3, 50.7, 52, 'male'),
(24, 23, 44.1, 45.4, 46.8, 48.1, 49.5, 50.8, 52.2, 'male'),
(25, 24, 44.2, 45.5, 46.9, 48.3, 49.6, 51, 52.3, 'male'),
(26, 25, 44.3, 45.6, 47, 48.4, 49.7, 51.1, 52.5, 'male'),
(27, 26, 44.4, 45.8, 47.1, 48.5, 49.9, 51.2, 52.6, 'male'),
(28, 27, 44.5, 45.9, 47.2, 48.6, 50, 51.4, 52.7, 'male'),
(29, 28, 44.6, 46, 47.3, 48.7, 50.1, 51.5, 52.9, 'male'),
(30, 29, 44.7, 46.1, 47.4, 48.8, 50.2, 51.6, 53, 'male'),
(31, 30, 44.8, 46.1, 47.5, 48.9, 50.3, 51.7, 53.1, 'male'),
(32, 31, 44.8, 46.2, 47.6, 49, 50.4, 51.8, 53.2, 'male'),
(33, 32, 44.9, 46.3, 47.7, 49.1, 50.5, 51.9, 53.3, 'male'),
(34, 33, 45, 46.4, 47.8, 49.2, 50.6, 52, 53.4, 'male'),
(35, 34, 45.1, 46.5, 47.9, 49.3, 50.7, 52.1, 53.5, 'male'),
(36, 35, 45.1, 46.6, 48, 49.4, 50.8, 52.2, 53.6, 'male'),
(37, 36, 45.2, 46.6, 48, 49.5, 50.9, 52.3, 53.7, 'male'),
(38, 37, 45.3, 46.7, 48.1, 49.5, 51, 52.4, 53.8, 'male'),
(39, 38, 45.3, 46.8, 48.2, 49.6, 51, 52.5, 53.9, 'male'),
(40, 39, 45.4, 46.8, 48.2, 49.7, 51.1, 52.5, 54, 'male'),
(41, 40, 45.4, 46.9, 48.3, 49.7, 51.2, 52.6, 54.1, 'male'),
(42, 41, 45.5, 46.9, 48.4, 49.8, 51.3, 52.7, 54.1, 'male'),
(43, 42, 45.5, 47, 48.4, 49.9, 51.3, 52.8, 54.2, 'male'),
(44, 43, 45.6, 47, 48.5, 49.9, 51.4, 52.8, 54.3, 'male'),
(45, 44, 45.6, 47.1, 48.5, 50, 51.4, 52.9, 54.3, 'male'),
(46, 45, 45.7, 47.1, 48.6, 50.1, 51.5, 53, 54.4, 'male'),
(47, 46, 45.7, 47.2, 48.7, 50.1, 51.6, 53, 54.5, 'male'),
(48, 47, 45.8, 47.2, 48.7, 50.2, 51.6, 53.1, 54.5, 'male'),
(49, 48, 45.8, 47.3, 48.7, 50.2, 51.7, 53.1, 54.6, 'male'),
(50, 49, 45.9, 47.3, 48.8, 50.3, 51.7, 53.2, 54.7, 'male'),
(51, 50, 45.9, 47.4, 48.8, 50.3, 51.8, 53.2, 54.7, 'male'),
(52, 51, 45.9, 47.4, 48.9, 50.4, 51.8, 53.3, 54.8, 'male'),
(53, 52, 46, 47.5, 48.9, 50.4, 51.9, 53.4, 54.8, 'male'),
(54, 53, 46, 47.5, 49, 50.4, 51.9, 53.4, 54.9, 'male'),
(55, 54, 46.1, 47.5, 49, 50.5, 52, 53.5, 54.9, 'male'),
(56, 55, 46.1, 47.6, 49.1, 50.5, 52, 53.5, 55, 'male'),
(57, 56, 46.1, 47.6, 49.1, 50.6, 52.1, 53.5, 55, 'male'),
(58, 57, 46.2, 47.6, 49.1, 50.6, 52.1, 53.6, 55.1, 'male'),
(59, 58, 46.2, 47.7, 49.2, 50.7, 52.1, 53.6, 55.1, 'male'),
(60, 59, 46.2, 47.7, 49.2, 50.7, 52.2, 53.7, 55.2, 'male'),
(61, 60, 46.3, 47.7, 49.2, 50.7, 52.2, 53.7, 55.2, 'male'),
(62, 0, 30.3, 31.5, 32.7, 33.9, 35.1, 36.2, 37.4, 'female'),
(63, 1, 33, 34.2, 35.4, 36.5, 37.7, 38.9, 40.1, 'female'),
(64, 2, 34.6, 35.8, 37, 38.3, 39.5, 40.7, 41.9, 'female'),
(65, 3, 35.8, 37.1, 38.3, 39.5, 40.8, 42, 43.3, 'female'),
(66, 4, 36.8, 38.1, 39.3, 40.6, 41.8, 43.1, 44.4, 'female'),
(67, 5, 37.6, 38.9, 40.2, 41.5, 42.7, 44, 45.3, 'female'),
(68, 6, 38.3, 39.6, 40.9, 42.2, 43.5, 44.8, 46.1, 'female'),
(69, 7, 38.9, 40.2, 41.5, 42.8, 44.1, 45.5, 46.8, 'female'),
(70, 8, 39.4, 40.7, 42, 43.4, 44.7, 46, 47.4, 'female'),
(71, 9, 39.8, 41.2, 42.5, 43.8, 45.2, 46.5, 47.8, 'female'),
(72, 10, 40.2, 41.5, 42.9, 44.2, 45.6, 46.9, 48.3, 'female'),
(73, 11, 40.5, 41.9, 43.2, 44.6, 45.9, 47.3, 48.6, 'female'),
(74, 12, 40.8, 42.2, 43.5, 44.9, 46.3, 47.6, 49, 'female'),
(75, 13, 41.1, 42.4, 43.8, 45.2, 46.5, 47.9, 49.3, 'female'),
(76, 14, 41.3, 42.7, 44.1, 45.4, 46.8, 48.2, 49.5, 'female'),
(77, 15, 41.5, 42.9, 44.3, 45.7, 47, 48.4, 49.8, 'female'),
(78, 16, 41.7, 43.1, 44.5, 45.9, 47.2, 48.6, 50, 'female'),
(79, 17, 41.9, 43.3, 44.7, 46.1, 47.4, 48.8, 50.2, 'female'),
(80, 18, 42.1, 43.5, 44.9, 46.2, 47.6, 49, 50.4, 'female'),
(81, 19, 42.3, 43.6, 45, 46.4, 47.8, 49.2, 50.6, 'female'),
(82, 20, 42.4, 43.8, 45.2, 46.6, 48, 49.4, 50.7, 'female'),
(83, 21, 42.6, 44, 45.3, 46.7, 48.1, 49.5, 50.9, 'female'),
(84, 22, 42.7, 44.1, 45.5, 46.9, 48.3, 49.7, 51.1, 'female'),
(85, 23, 42.9, 44.3, 45.6, 47, 48.4, 49.8, 51.2, 'female'),
(86, 24, 43, 44.4, 45.8, 47.2, 48.6, 50, 51.4, 'female'),
(87, 25, 43.1, 44.5, 45.9, 47.3, 48.7, 50.1, 51.5, 'female'),
(88, 26, 43.3, 44.7, 46.1, 47.5, 48.9, 50.3, 51.7, 'female'),
(89, 27, 43.4, 44.8, 46.2, 47.6, 49, 50.4, 51.8, 'female'),
(90, 28, 43.5, 44.9, 46.3, 47.7, 49.1, 50.5, 51.9, 'female'),
(91, 29, 43.6, 45, 46.4, 47.8, 49.2, 50.6, 52, 'female'),
(92, 30, 43.7, 45.1, 46.5, 47.9, 49.3, 50.7, 52.2, 'female'),
(93, 31, 43.8, 45.2, 46.6, 48, 49.4, 50.9, 52.3, 'female'),
(94, 32, 43.9, 45.3, 46.7, 48.1, 49.6, 51, 52.4, 'female'),
(95, 33, 44, 45.4, 46.8, 48.2, 49.7, 51.1, 52.5, 'female'),
(96, 34, 44.1, 45.5, 46.9, 48.3, 49.7, 51.2, 52.6, 'female'),
(97, 35, 44.2, 45.6, 47, 48.4, 49.8, 51.2, 52.7, 'female'),
(98, 36, 44.3, 45.7, 47.1, 48.5, 49.9, 51.3, 52.7, 'female'),
(99, 37, 44.4, 45.8, 47.2, 48.6, 50, 51.4, 52.8, 'female'),
(100, 38, 44.4, 45.8, 47.3, 48.7, 50.1, 51.5, 52.9, 'female'),
(101, 39, 44.5, 45.9, 47.3, 48.7, 50.2, 51.6, 53, 'female'),
(102, 40, 44.6, 46, 47.4, 48.8, 50.2, 51.7, 53.1, 'female'),
(103, 41, 44.6, 46.1, 47.5, 48.9, 50.3, 51.7, 53.1, 'female'),
(104, 42, 44.7, 46.1, 47.5, 49, 50.4, 51.8, 53.2, 'female'),
(105, 43, 44.8, 46.2, 47.6, 49, 50.4, 51.9, 53.3, 'female'),
(106, 44, 44.8, 46.3, 47.7, 49.1, 50.5, 51.9, 53.3, 'female'),
(107, 45, 44.9, 46.3, 47.7, 49.2, 50.6, 52, 53.4, 'female'),
(108, 46, 45, 46.4, 47.8, 49.2, 50.6, 52.1, 53.5, 'female'),
(109, 47, 45, 46.4, 47.9, 49.3, 50.7, 52.1, 53.5, 'female'),
(110, 48, 45.1, 46.5, 47.9, 49.3, 50.8, 52.2, 53.6, 'female'),
(111, 49, 45.1, 46.5, 48, 49.4, 50.8, 52.2, 53.6, 'female'),
(112, 50, 45.2, 46.6, 48, 49.4, 50.9, 52.3, 53.7, 'female'),
(113, 51, 45.2, 46.7, 48.1, 49.5, 50.9, 52.3, 53.8, 'female'),
(114, 52, 45.3, 46.7, 48.1, 49.5, 51, 52.4, 53.8, 'female'),
(115, 53, 45.3, 46.8, 48.2, 49.6, 51, 52.4, 53.9, 'female'),
(116, 54, 45.4, 46.8, 48.2, 49.6, 51.1, 52.5, 53.9, 'female'),
(117, 55, 45.4, 46.9, 48.3, 49.7, 51.1, 52.5, 54, 'female'),
(118, 56, 45.5, 46.9, 48.3, 49.7, 51.2, 52.6, 54, 'female'),
(119, 57, 45.5, 46.9, 48.4, 49.8, 51.2, 52.6, 54.1, 'female'),
(120, 58, 45.6, 47, 48.4, 49.8, 51.3, 52.7, 54.1, 'female'),
(121, 59, 45.6, 47, 48.5, 49.9, 51.3, 52.7, 54.1, 'female'),
(122, 60, 45.7, 47.1, 48.5, 49.9, 51.3, 52.8, 54.2, 'female');

-- --------------------------------------------------------

--
-- Table structure for table `historysesnor`
--

CREATE TABLE `historysesnor` (
  `id` int(11) NOT NULL,
  `mass` text NOT NULL,
  `height` text NOT NULL,
  `head` text NOT NULL,
  `time` timestamp NOT NULL DEFAULT current_timestamp() ON UPDATE current_timestamp()
) ENGINE=InnoDB DEFAULT CHARSET=utf8mb4 COLLATE=utf8mb4_general_ci;

--
-- Dumping data for table `historysesnor`
--

INSERT INTO `historysesnor` (`id`, `mass`, `height`, `head`, `time`) VALUES
(270, '3.61', '130.00', '31.83', '2024-05-08 07:30:38'),
(271, '3.70', '130.00', '31.41', '2024-05-08 07:30:39');

-- --------------------------------------------------------

--
-- Table structure for table `imtu`
--

CREATE TABLE `imtu` (
  `id` int(11) NOT NULL,
  `umur` int(11) NOT NULL,
  `-3_sd` float NOT NULL,
  `-2_sd` float NOT NULL,
  `min` float NOT NULL,
  `Med` float NOT NULL,
  `max` float NOT NULL,
  `+2_sd` float NOT NULL,
  `+3_sd` float NOT NULL,
  `nb` text NOT NULL
) ENGINE=InnoDB DEFAULT CHARSET=utf8mb4 COLLATE=utf8mb4_general_ci;

--
-- Dumping data for table `imtu`
--

INSERT INTO `imtu` (`id`, `umur`, `-3_sd`, `-2_sd`, `min`, `Med`, `max`, `+2_sd`, `+3_sd`, `nb`) VALUES
(1, 0, 10.2, 11.1, 12.2, 13.4, 14.8, 16.3, 18.1, 'male'),
(2, 1, 11.3, 12.4, 13.6, 14.9, 16.3, 17.8, 19.4, 'male'),
(3, 2, 12.5, 13.7, 15, 16.3, 17.8, 19.4, 21.1, 'male'),
(4, 3, 13.1, 14.3, 15.5, 16.9, 18.4, 20, 21.8, 'male'),
(5, 4, 13.4, 14.5, 15.8, 17.2, 18.7, 20.3, 22.1, 'male'),
(6, 5, 13.5, 14.7, 15.9, 17.3, 18.8, 20.5, 22.3, 'male'),
(7, 6, 13.6, 14.7, 16, 17.3, 18.8, 20.5, 22.3, 'male'),
(8, 7, 13.7, 14.8, 16, 17.3, 18.8, 20.5, 22.3, 'male'),
(9, 8, 13.6, 14.7, 15.9, 17.3, 18.7, 20.4, 22.2, 'male'),
(10, 9, 13.6, 14.7, 15.8, 17.2, 18.6, 20.3, 22.1, 'male'),
(11, 10, 13.5, 14.6, 15.7, 17, 18.5, 20.1, 22, 'male'),
(12, 11, 13.4, 14.5, 15.6, 16.9, 18.4, 20, 21.8, 'male'),
(13, 12, 13.4, 14.4, 15.5, 16.8, 18.2, 19.8, 21.6, 'male'),
(14, 13, 13.3, 14.3, 15.4, 16.7, 18.1, 19.7, 21.5, 'male'),
(15, 14, 13.2, 14.2, 15.3, 16.6, 18, 19.5, 21.3, 'male'),
(16, 15, 13.1, 14.1, 15.2, 16.4, 17.8, 19.4, 21.2, 'male'),
(17, 16, 13.1, 14, 15.1, 16.3, 17.7, 19.3, 21, 'male'),
(18, 17, 13, 13.9, 15, 16.2, 17.6, 19.1, 20.9, 'male'),
(19, 18, 12.9, 13.9, 14.9, 16.1, 17.5, 19, 20.8, 'male'),
(20, 19, 12.9, 13.8, 14.9, 16.1, 17.4, 18.9, 20.7, 'male'),
(21, 20, 12.8, 13.7, 14.8, 16, 17.3, 18.8, 20.6, 'male'),
(22, 21, 12.8, 13.7, 14.7, 15.9, 17.2, 18.7, 20.5, 'male'),
(23, 22, 12.7, 13.6, 14.7, 15.8, 17.2, 18.7, 20.4, 'male'),
(24, 23, 12.7, 13.6, 14.6, 15.8, 17.1, 18.6, 20.3, 'male'),
(25, 24, 12.7, 13.6, 14.6, 15.7, 17, 18.5, 20.3, 'male'),
(26, 24, 12.9, 13.8, 14.8, 16, 17.3, 18.9, 20.6, 'male'),
(27, 25, 12.8, 13.8, 14.8, 16, 17.3, 18.8, 20.5, 'male'),
(28, 26, 12.8, 13.7, 14.8, 15.9, 17.3, 18.8, 20.5, 'male'),
(29, 27, 12.7, 13.7, 14.7, 15.9, 17.2, 18.7, 20.4, 'male'),
(30, 28, 12.7, 13.6, 14.7, 15.9, 17.2, 18.7, 20.4, 'male'),
(31, 29, 12.7, 13.6, 14.7, 15.8, 17.1, 18.6, 20.3, 'male'),
(32, 30, 12.6, 13.6, 14.6, 15.8, 17.1, 18.6, 20.2, 'male'),
(33, 31, 12.6, 13.5, 14.6, 15.8, 17.1, 18.5, 20.2, 'male'),
(34, 32, 12.5, 13.5, 14.6, 15.7, 17, 18.5, 20.1, 'male'),
(35, 33, 12.5, 13.5, 14.5, 15.7, 17, 18.5, 20.1, 'male'),
(36, 34, 12.5, 13.4, 14.5, 15.7, 17, 18.4, 20, 'male'),
(37, 35, 12.4, 13.4, 14.5, 15.6, 16.9, 18.4, 20, 'male'),
(38, 36, 12.4, 13.4, 14.4, 15.6, 16.9, 18.4, 20, 'male'),
(39, 37, 12.4, 13.3, 14.4, 15.6, 16.9, 18.3, 19.9, 'male'),
(40, 38, 12.3, 13.3, 14.4, 15.5, 16.8, 18.3, 19.9, 'male'),
(41, 39, 12.3, 13.3, 14.3, 15.5, 16.8, 18.3, 19.9, 'male'),
(42, 40, 12.3, 13.2, 14.3, 15.5, 16.8, 18.2, 19.9, 'male'),
(43, 41, 12.2, 13.2, 14.3, 15.5, 16.8, 18.2, 19.9, 'male'),
(44, 42, 12.2, 13.2, 14.3, 15.4, 16.8, 18.2, 19.8, 'male'),
(45, 43, 12.2, 13.2, 14.2, 15.4, 16.7, 18.2, 19.8, 'male'),
(46, 44, 12.2, 13.1, 14.2, 15.4, 16.7, 18.2, 19.8, 'male'),
(47, 45, 12.2, 13.1, 14.2, 15.4, 16.7, 18.2, 19.8, 'male'),
(48, 46, 12.1, 13.1, 14.2, 15.4, 16.7, 18.2, 19.8, 'male'),
(49, 47, 12.1, 13.1, 14.2, 15.3, 16.7, 18.2, 19.9, 'male'),
(50, 48, 12.1, 13.1, 14.1, 15.3, 16.7, 18.2, 19.9, 'male'),
(51, 49, 12.1, 13, 14.1, 15.3, 16.7, 18.2, 19.9, 'male'),
(52, 50, 12.1, 13, 14.1, 15.3, 16.7, 18.2, 19.9, 'male'),
(53, 51, 12.1, 13, 14.1, 15.3, 16.6, 18.2, 19.9, 'male'),
(54, 52, 12, 13, 14.1, 15.3, 16.6, 18.2, 19.9, 'male'),
(55, 53, 12, 13, 14.1, 15.3, 16.6, 18.2, 20, 'male'),
(56, 54, 12, 13, 14, 15.3, 16.6, 18.2, 20, 'male'),
(57, 55, 12, 13, 14, 15.2, 16.6, 18.2, 20, 'male'),
(58, 56, 12, 12.9, 14, 15.2, 16.6, 18.2, 20.1, 'male'),
(59, 57, 12, 12.9, 14, 15.2, 16.6, 18.2, 20.1, 'male'),
(60, 58, 12, 12.9, 14, 15.2, 16.6, 18.3, 20.2, 'male'),
(61, 59, 12, 12.9, 14, 15.2, 16.6, 18.3, 20.2, 'male'),
(62, 60, 12, 12.9, 14, 15.2, 16.6, 18.3, 20.3, 'male'),
(63, 0, 10.1, 11.1, 12.2, 13.3, 14.6, 16.1, 17.7, 'female'),
(64, 1, 10.8, 12, 13.2, 14.6, 16, 17.5, 19.1, 'female'),
(65, 2, 11.8, 13, 14.3, 15.8, 17.3, 19, 20.7, 'female'),
(66, 3, 12.4, 13.6, 14.9, 16.4, 17.9, 19.7, 21.5, 'female'),
(67, 4, 12.7, 13.9, 15.2, 16.7, 18.3, 20, 22, 'female'),
(68, 5, 12.9, 14.1, 15.4, 16.8, 18.4, 20.2, 22.2, 'female'),
(69, 6, 13, 14.1, 15.5, 16.9, 18.5, 20.3, 22.3, 'female'),
(70, 7, 13, 14.2, 15.5, 16.9, 18.5, 20.3, 22.3, 'female'),
(71, 8, 13, 14.1, 15.4, 16.8, 18.4, 20.2, 22.2, 'female'),
(72, 9, 12.9, 14.1, 15.3, 16.7, 18.3, 20.1, 22.1, 'female'),
(73, 10, 12.9, 14, 15.2, 16.6, 18.2, 19.9, 21.9, 'female'),
(74, 11, 12.8, 13.9, 15.1, 16.5, 18, 19.8, 21.8, 'female'),
(75, 12, 12.7, 13.8, 15, 16.4, 17.9, 19.6, 21.6, 'female'),
(76, 13, 12.6, 13.7, 14.9, 16.2, 17.7, 19.5, 21.4, 'female'),
(77, 14, 12.6, 13.6, 14.8, 16.1, 17.6, 19.3, 21.3, 'female'),
(78, 15, 12.5, 13.5, 14.7, 16, 17.5, 19.2, 21.1, 'female'),
(79, 16, 12.4, 13.5, 14.6, 15.9, 17.4, 19.1, 21, 'female'),
(80, 17, 12.4, 13.4, 14.5, 15.8, 17.3, 18.9, 20.9, 'female'),
(81, 18, 12.3, 13.3, 14.4, 15.7, 17.2, 18.8, 20.8, 'female'),
(82, 19, 12.3, 13.3, 14.4, 15.7, 17.1, 18.8, 20.7, 'female'),
(83, 20, 12.2, 13.2, 14.3, 15.6, 17, 18.7, 20.6, 'female'),
(84, 21, 12.2, 13.2, 14.3, 15.5, 17, 18.6, 20.5, 'female'),
(85, 22, 12.2, 13.1, 14.2, 15.5, 16.9, 18.5, 20.4, 'female'),
(86, 23, 12.2, 13.1, 14.2, 15.4, 16.9, 18.5, 20.4, 'female'),
(87, 24, 12.1, 13.1, 14.2, 15.4, 16.8, 18.4, 20.3, 'female'),
(88, 24, 12.4, 13.3, 14.4, 15.7, 17.1, 18.7, 20.6, 'female'),
(89, 25, 12.4, 13.3, 14.4, 15.7, 17.1, 18.7, 20.6, 'female'),
(90, 26, 12.3, 13.3, 14.4, 15.6, 17, 18.7, 20.6, 'female'),
(91, 27, 12.3, 13.3, 14.4, 15.6, 17, 18.6, 20.5, 'female'),
(92, 28, 12.3, 13.3, 14.3, 15.6, 17, 18.6, 20.5, 'female'),
(93, 29, 12.3, 13.2, 14.3, 15.6, 17, 18.6, 20.4, 'female'),
(94, 30, 12.3, 13.2, 14.3, 15.5, 16.9, 18.5, 20.4, 'female'),
(95, 31, 12.2, 13.2, 14.3, 15.5, 16.9, 18.5, 20.4, 'female'),
(96, 32, 12.2, 13.2, 14.3, 15.5, 16.9, 18.5, 20.4, 'female'),
(97, 33, 12.2, 13.1, 14.2, 15.5, 16.9, 18.5, 20.3, 'female'),
(98, 34, 12.2, 13.1, 14.2, 15.4, 16.8, 18.5, 20.3, 'female'),
(99, 35, 12.1, 13.1, 14.2, 15.4, 16.8, 18.4, 20.3, 'female'),
(100, 36, 12.1, 13.1, 14.2, 15.4, 16.8, 18.4, 20.3, 'female'),
(101, 37, 12.1, 13.1, 14.1, 15.4, 16.8, 18.4, 20.3, 'female'),
(102, 38, 12.1, 13, 14.1, 15.4, 16.8, 18.4, 20.3, 'female'),
(103, 39, 12, 13, 14.1, 15.3, 16.8, 18.4, 20.3, 'female'),
(104, 40, 12, 13, 14.1, 15.3, 16.8, 18.4, 20.3, 'female'),
(105, 41, 12, 13, 14.1, 15.3, 16.8, 18.4, 20.4, 'female'),
(106, 42, 12, 12.9, 14, 15.3, 16.8, 18.4, 20.4, 'female'),
(107, 43, 11.9, 12.9, 14, 15.3, 16.8, 18.4, 20.4, 'female'),
(108, 44, 11.9, 12.9, 14, 15.3, 16.8, 18.5, 20.4, 'female'),
(109, 45, 11.9, 12.9, 14, 15.3, 16.8, 18.5, 20.5, 'female'),
(110, 46, 11.9, 12.9, 14, 15.3, 16.8, 18.5, 20.5, 'female'),
(111, 47, 11.8, 12.8, 14, 15.3, 16.8, 18.5, 20.5, 'female'),
(112, 48, 11.8, 12.8, 14, 15.3, 16.8, 18.5, 20.6, 'female'),
(113, 49, 11.8, 12.8, 13.9, 15.3, 16.8, 18.5, 20.6, 'female'),
(114, 50, 11.8, 12.8, 13.9, 15.3, 16.8, 18.6, 20.7, 'female'),
(115, 51, 11.8, 12.8, 13.9, 15.3, 16.8, 18.6, 20.7, 'female'),
(116, 52, 11.7, 12.8, 13.9, 15.2, 16.8, 18.6, 20.7, 'female'),
(117, 53, 11.7, 12.7, 13.9, 15.3, 16.8, 18.6, 20.8, 'female'),
(118, 54, 11.7, 12.7, 13.9, 15.3, 16.8, 18.7, 20.8, 'female'),
(119, 55, 11.7, 12.7, 13.9, 15.3, 16.8, 18.7, 20.9, 'female'),
(120, 56, 11.7, 12.7, 13.9, 15.3, 16.8, 18.7, 20.9, 'female'),
(121, 57, 11.7, 12.7, 13.9, 15.3, 16.9, 18.7, 21, 'female'),
(122, 58, 11.7, 12.7, 13.9, 15.3, 16.9, 18.8, 21, 'female'),
(123, 59, 11.6, 12.7, 13.9, 15.3, 16.9, 18.8, 21, 'female'),
(124, 60, 11.6, 12.7, 13.9, 15.3, 16.9, 18.8, 21.1, 'female');

-- --------------------------------------------------------

--
-- Table structure for table `pbu_tbu`
--

CREATE TABLE `pbu_tbu` (
  `id` int(11) NOT NULL,
  `umur` int(11) NOT NULL,
  `-3_sd` float NOT NULL,
  `-2_sd` float NOT NULL,
  `min` float NOT NULL,
  `Med` float NOT NULL,
  `max` float NOT NULL,
  `+2_sd` float NOT NULL,
  `+3_sd` float NOT NULL,
  `nb` text NOT NULL
) ENGINE=InnoDB DEFAULT CHARSET=utf8mb4 COLLATE=utf8mb4_general_ci;

--
-- Dumping data for table `pbu_tbu`
--

INSERT INTO `pbu_tbu` (`id`, `umur`, `-3_sd`, `-2_sd`, `min`, `Med`, `max`, `+2_sd`, `+3_sd`, `nb`) VALUES
(1, 0, 44.2, 46.1, 48, 49.9, 51.8, 53.7, 55.6, 'male'),
(2, 1, 48.9, 50.8, 52.8, 54.7, 56.7, 58.6, 60.6, 'male'),
(3, 2, 52.4, 54.4, 56.4, 58.4, 60.4, 62.4, 64.4, 'male'),
(4, 3, 55.3, 57.3, 59.4, 61.4, 63.5, 65.5, 67.6, 'male'),
(5, 4, 57.6, 59.7, 61.8, 63.9, 66, 68, 70.1, 'male'),
(6, 5, 59.6, 61.7, 63.8, 65.9, 68, 70.1, 72.2, 'male'),
(7, 6, 61.2, 63.3, 65.5, 67.6, 69.8, 71.9, 74, 'male'),
(8, 7, 62.7, 64.8, 67, 69.2, 71.3, 73.5, 75.7, 'male'),
(9, 8, 64, 66.2, 68.4, 70.6, 72.8, 75, 77.2, 'male'),
(10, 9, 65.2, 67.5, 69.7, 72, 74.2, 76.5, 78.7, 'male'),
(11, 10, 66.4, 68.7, 71, 73.3, 75.6, 77.9, 80.1, 'male'),
(12, 11, 67.6, 69.9, 72.2, 74.5, 76.9, 79.2, 81.5, 'male'),
(13, 12, 68.6, 71, 73.4, 75.7, 78.1, 80.5, 82.9, 'male'),
(14, 13, 69.6, 72.1, 74.5, 76.9, 79.3, 81.8, 84.2, 'male'),
(15, 14, 70.6, 73.1, 75.6, 78, 80.5, 83, 85.5, 'male'),
(16, 15, 71.6, 74.1, 76.6, 79.1, 81.7, 84.2, 86.7, 'male'),
(17, 16, 72.5, 75, 77.6, 80.2, 82.8, 85.4, 88, 'male'),
(18, 17, 73.3, 76, 78.6, 81.2, 83.9, 86.5, 89.2, 'male'),
(19, 18, 74.2, 76.9, 79.6, 82.3, 85, 87.7, 90.4, 'male'),
(20, 19, 75, 77.7, 80.5, 83.2, 86, 88.8, 91.5, 'male'),
(21, 20, 75.8, 78.6, 81.4, 84.2, 87, 89.8, 92.6, 'male'),
(22, 21, 76.5, 79.4, 82.3, 85.1, 88, 90.9, 93.8, 'male'),
(23, 22, 77.2, 80.2, 83.1, 86, 89, 91.9, 94.9, 'male'),
(24, 23, 78, 81, 83.9, 86.9, 89.9, 92.9, 95.9, 'male'),
(25, 24, 78.7, 81.7, 84.8, 87.8, 90.9, 93.9, 97, 'male'),
(26, 24, 78, 81, 84.1, 87.1, 90.2, 93.2, 96.3, 'male'),
(27, 25, 78.6, 81.7, 84.9, 88, 91.1, 94.2, 97.3, 'male'),
(28, 26, 79.3, 82.5, 85.6, 88.8, 92, 95.2, 98.3, 'male'),
(29, 27, 79.9, 83.1, 86.4, 89.6, 92.9, 96.1, 99.3, 'male'),
(30, 28, 80.5, 83.8, 87.1, 90.4, 93.7, 97, 100.3, 'male'),
(31, 29, 81.1, 84.5, 87.8, 91.2, 94.5, 97.9, 101.2, 'male'),
(32, 30, 81.7, 85.1, 88.5, 91.9, 95.3, 98.7, 102.1, 'male'),
(33, 31, 82.3, 85.7, 89.2, 92.7, 96.1, 99.6, 103, 'male'),
(34, 32, 82.8, 86.4, 89.9, 93.4, 96.9, 100.4, 103.9, 'male'),
(35, 33, 83.4, 86.9, 90.5, 94.1, 97.6, 101.2, 104.8, 'male'),
(36, 34, 83.9, 87.5, 91.1, 94.8, 98.4, 102, 105.6, 'male'),
(37, 35, 84.4, 88.1, 91.8, 95.4, 99.1, 102.7, 106.4, 'male'),
(38, 36, 85, 88.7, 92.4, 96.1, 99.8, 103.5, 107.2, 'male'),
(39, 37, 85.5, 89.2, 93, 96.7, 100.5, 104.2, 108, 'male'),
(40, 38, 86, 89.8, 93.6, 97.4, 101.2, 105, 108.8, 'male'),
(41, 39, 86.5, 90.3, 94.2, 98, 101.8, 105.7, 109.5, 'male'),
(42, 40, 87, 90.9, 94.7, 98.6, 102.5, 106.4, 110.3, 'male'),
(43, 41, 87.5, 91.4, 95.3, 99.2, 103.2, 107.1, 111, 'male'),
(44, 42, 88, 91.9, 95.9, 99.9, 103.8, 107.8, 111.7, 'male'),
(45, 43, 88.4, 92.4, 96.4, 100.4, 104.5, 108.5, 112.5, 'male'),
(46, 44, 88.9, 93, 97, 101, 105.1, 109.1, 113.2, 'male'),
(47, 45, 89.4, 93.5, 97.5, 101.6, 105.7, 109.8, 113.9, 'male'),
(48, 46, 89.8, 94, 98.1, 102.2, 106.3, 110.4, 114.6, 'male'),
(49, 47, 90.3, 94.4, 98.6, 102.8, 106.9, 111.1, 115.2, 'male'),
(50, 48, 90.7, 94.9, 99.1, 103.3, 107.5, 111.7, 115.9, 'male'),
(51, 49, 91.2, 95.4, 99.7, 103.9, 108.1, 112.4, 116.6, 'male'),
(52, 50, 91.6, 95.9, 100.2, 104.4, 108.7, 113, 117.3, 'male'),
(53, 51, 92.1, 96.4, 100.7, 105, 109.3, 113.6, 117.9, 'male'),
(54, 52, 92.5, 96.9, 101.2, 105.6, 109.9, 114.2, 118.6, 'male'),
(55, 53, 93, 97.4, 101.7, 106.1, 110.5, 114.9, 119.2, 'male'),
(56, 54, 93.4, 97.8, 102.3, 106.7, 111.1, 115.5, 119.9, 'male'),
(57, 55, 93.9, 98.3, 102.8, 107.2, 111.7, 116.1, 120.6, 'male'),
(58, 56, 94.3, 98.8, 103.3, 107.8, 112.3, 116.7, 121.2, 'male'),
(59, 57, 94.7, 99.3, 103.8, 108.3, 112.8, 117.4, 121.9, 'male'),
(60, 58, 95.2, 99.7, 104.3, 108.9, 113.4, 118, 122.6, 'male'),
(61, 59, 95.6, 100.2, 104.8, 109.4, 114, 118.6, 123.2, 'male'),
(62, 60, 96.1, 100.7, 105.3, 110, 114.6, 119.2, 123.9, 'male'),
(63, 0, 43.6, 45.4, 47.3, 49.1, 51, 52.9, 54.7, 'female'),
(64, 1, 47.8, 49.8, 51.7, 53.7, 55.6, 57.6, 59.5, 'female'),
(65, 2, 51, 53, 55, 57.1, 59.1, 61.1, 63.2, 'female'),
(66, 3, 53.5, 55.6, 57.7, 59.8, 61.9, 64, 66.1, 'female'),
(67, 4, 55.6, 57.8, 59.9, 62.1, 64.3, 66.4, 68.6, 'female'),
(68, 5, 57.4, 59.6, 61.8, 64, 66.2, 68.5, 70.7, 'female'),
(69, 6, 58.9, 61.2, 63.5, 65.7, 68, 70.3, 72.5, 'female'),
(70, 7, 60.3, 62.7, 65, 67.3, 69.6, 71.9, 74.2, 'female'),
(71, 8, 61.7, 64, 66.4, 68.7, 71.1, 73.5, 75.8, 'female'),
(72, 9, 62.9, 65.3, 67.7, 70.1, 72.6, 75, 77.4, 'female'),
(73, 10, 64.1, 66.5, 69, 71.5, 73.9, 76.4, 78.9, 'female'),
(74, 11, 65.2, 67.7, 70.3, 72.8, 75.3, 77.8, 80.3, 'female'),
(75, 12, 66.3, 68.9, 71.4, 74, 76.6, 79.2, 81.7, 'female'),
(76, 13, 67.3, 70, 72.6, 75.2, 77.8, 80.5, 83.1, 'female'),
(77, 14, 68.3, 71, 73.7, 76.4, 79.1, 81.7, 84.4, 'female'),
(78, 15, 69.3, 72, 74.8, 77.5, 80.2, 83, 85.7, 'female'),
(79, 16, 70.2, 73, 75.8, 78.6, 81.4, 84.2, 87, 'female'),
(80, 17, 71.1, 74, 76.8, 79.7, 82.5, 85.4, 88.2, 'female'),
(81, 18, 72, 74.9, 77.8, 80.7, 83.6, 86.5, 89.4, 'female'),
(82, 19, 72.8, 75.8, 78.8, 81.7, 84.7, 87.6, 90.6, 'female'),
(83, 20, 73.7, 76.7, 79.7, 82.7, 85.7, 88.7, 91.7, 'female'),
(84, 21, 74.5, 77.5, 80.6, 83.7, 86.7, 89.8, 92.9, 'female'),
(85, 22, 75.2, 78.4, 81.5, 84.6, 87.7, 90.8, 94, 'female'),
(86, 23, 76, 79.2, 82.3, 85.5, 88.7, 91.9, 95, 'female'),
(87, 24, 76.7, 80, 83.2, 86.4, 89.6, 92.9, 96.1, 'female'),
(88, 24, 76, 79.3, 82.5, 85.7, 88.9, 92.2, 95.4, 'female'),
(89, 25, 76.8, 80, 83.3, 86.6, 89.9, 93.1, 96.4, 'female'),
(90, 26, 77.5, 80.8, 84.1, 87.4, 90.8, 94.1, 97.4, 'female'),
(91, 27, 78.1, 81.5, 84.9, 88.3, 91.7, 95, 98.4, 'female'),
(92, 28, 78.8, 82.2, 85.7, 89.1, 92.5, 96, 99.4, 'female'),
(93, 29, 79.5, 82.9, 86.4, 89.9, 93.4, 96.9, 100.3, 'female'),
(94, 30, 80.1, 83.6, 87.1, 90.7, 94.2, 97.7, 101.3, 'female'),
(95, 31, 80.7, 84.3, 87.9, 91.4, 95, 98.6, 102.2, 'female'),
(96, 32, 81.3, 84.9, 88.6, 92.2, 95.8, 99.4, 103.1, 'female'),
(97, 33, 81.9, 85.6, 89.3, 92.9, 96.6, 100.3, 103.9, 'female'),
(98, 34, 82.5, 86.2, 89.9, 93.6, 97.4, 101.1, 104.8, 'female'),
(99, 35, 83.1, 86.8, 90.6, 94.4, 98.1, 101.9, 105.6, 'female'),
(100, 36, 83.6, 87.4, 91.2, 95.1, 98.9, 102.7, 106.5, 'female'),
(101, 37, 84.2, 88, 91.9, 95.7, 99.6, 103.4, 107.3, 'female'),
(102, 38, 84.7, 88.6, 92.5, 96.4, 100.3, 104.2, 108.1, 'female'),
(103, 39, 85.3, 89.2, 93.1, 97.1, 101, 105, 108.9, 'female'),
(104, 40, 85.8, 89.8, 93.8, 97.7, 101.7, 105.7, 109.7, 'female'),
(105, 41, 86.3, 90.4, 94.4, 98.4, 102.4, 106.4, 110.5, 'female'),
(106, 42, 86.8, 90.9, 95, 99, 103.1, 107.2, 111.2, 'female'),
(107, 43, 87.4, 91.5, 95.6, 99.7, 103.8, 107.9, 112, 'female'),
(108, 44, 87.9, 92, 96.2, 100.3, 104.5, 108.6, 112.7, 'female'),
(109, 45, 88.4, 92.5, 96.7, 100.9, 105.1, 109.3, 113.5, 'female'),
(110, 46, 88.9, 93.1, 97.3, 101.5, 105.8, 110, 114.2, 'female'),
(111, 47, 89.3, 93.6, 97.9, 102.1, 106.4, 110.7, 114.9, 'female'),
(112, 48, 89.8, 94.1, 98.4, 102.7, 107, 111.3, 115.7, 'female'),
(113, 49, 90.3, 94.6, 99, 103.3, 107.7, 112, 116.4, 'female'),
(114, 50, 90.7, 95.1, 99.5, 103.9, 108.3, 112.7, 117.1, 'female'),
(115, 51, 91.2, 95.6, 100.1, 104.5, 108.9, 113.3, 117.7, 'female'),
(116, 52, 91.7, 96.1, 100.6, 105, 109.5, 114, 118.4, 'female'),
(117, 53, 92.1, 96.6, 101.1, 105.6, 110.1, 114.6, 119.1, 'female'),
(118, 54, 92.6, 97.1, 101.6, 106.2, 110.7, 115.2, 119.8, 'female'),
(119, 55, 93, 97.6, 102.2, 106.7, 111.3, 115.9, 120.4, 'female'),
(120, 56, 93.4, 98.1, 102.7, 107.3, 111.9, 116.5, 121.1, 'female'),
(121, 57, 93.9, 98.5, 103.2, 107.8, 112.5, 117.1, 121.8, 'female'),
(122, 58, 94.3, 99, 103.7, 108.4, 113, 117.7, 122.4, 'female'),
(123, 59, 94.7, 99.5, 104.2, 108.9, 113.6, 118.3, 123.1, 'female'),
(124, 60, 95.2, 99.9, 104.7, 109.4, 114.2, 118.9, 123.7, 'female');

-- --------------------------------------------------------

--
-- Table structure for table `status`
--

CREATE TABLE `status` (
  `id` int(11) NOT NULL,
  `status` text NOT NULL
) ENGINE=InnoDB DEFAULT CHARSET=utf8mb4 COLLATE=utf8mb4_general_ci;

--
-- Dumping data for table `status`
--

INSERT INTO `status` (`id`, `status`) VALUES
(1, 'OFF');

-- --------------------------------------------------------

--
-- Table structure for table `user`
--

CREATE TABLE `user` (
  `id` int(128) NOT NULL,
  `name` varchar(128) NOT NULL,
  `email` varchar(128) NOT NULL,
  `image` varchar(128) NOT NULL,
  `password` varchar(128) NOT NULL,
  `role_id` int(11) NOT NULL,
  `is_active` int(11) NOT NULL,
  `date_created` int(11) NOT NULL
) ENGINE=InnoDB DEFAULT CHARSET=utf8mb4 COLLATE=utf8mb4_general_ci;

--
-- Dumping data for table `user`
--

INSERT INTO `user` (`id`, `name`, `email`, `image`, `password`, `role_id`, `is_active`, `date_created`) VALUES
(1, 'admin', 'admin@admin.com', 'default.jpg', '$2y$10$KCGfI4Htsth8LBUvkeHueuiZ8ax1cuwTMlgNELjh4oXpR.SMLXm92', 1, 1, 1676634227),
(4, 'Mohammad As\'ad Rosyadi', 'rosyadi.asad@gmail.com', 'default.jpg', '$2y$10$NWkAIw/IG5DWHj36lJJVU..2b.7RyCiRUJ0hi2s/9q7IYj3VgsY/.', 2, 1, 1676830845);

-- --------------------------------------------------------

--
-- Table structure for table `user_access_menu`
--

CREATE TABLE `user_access_menu` (
  `id` int(11) NOT NULL,
  `role_id` int(11) NOT NULL,
  `menu_id` int(11) NOT NULL
) ENGINE=InnoDB DEFAULT CHARSET=utf8mb4 COLLATE=utf8mb4_general_ci;

--
-- Dumping data for table `user_access_menu`
--

INSERT INTO `user_access_menu` (`id`, `role_id`, `menu_id`) VALUES
(1, 1, 1),
(3, 2, 2),
(4, 1, 2),
(6, 2, 5),
(10, 1, 4),
(12, 1, 3),
(17, 2, 6),
(19, 1, 6),
(20, 1, 7),
(21, 2, 7);

-- --------------------------------------------------------

--
-- Table structure for table `user_menu`
--

CREATE TABLE `user_menu` (
  `id` int(11) NOT NULL,
  `menu` varchar(128) NOT NULL
) ENGINE=InnoDB DEFAULT CHARSET=utf8mb4 COLLATE=utf8mb4_general_ci;

--
-- Dumping data for table `user_menu`
--

INSERT INTO `user_menu` (`id`, `menu`) VALUES
(1, 'Admin'),
(2, 'User'),
(3, 'Menu'),
(7, 'Data');

-- --------------------------------------------------------

--
-- Table structure for table `user_role`
--

CREATE TABLE `user_role` (
  `id` int(11) NOT NULL,
  `role` varchar(128) NOT NULL
) ENGINE=InnoDB DEFAULT CHARSET=utf8mb4 COLLATE=utf8mb4_general_ci;

--
-- Dumping data for table `user_role`
--

INSERT INTO `user_role` (`id`, `role`) VALUES
(1, 'Administrator'),
(2, 'User');

-- --------------------------------------------------------

--
-- Table structure for table `user_sub_menu`
--

CREATE TABLE `user_sub_menu` (
  `id` int(11) NOT NULL,
  `menu_id` int(11) NOT NULL,
  `title` varchar(128) NOT NULL,
  `url` varchar(128) NOT NULL,
  `icon` varchar(128) NOT NULL,
  `is_active` int(1) NOT NULL
) ENGINE=InnoDB DEFAULT CHARSET=utf8mb4 COLLATE=utf8mb4_general_ci;

--
-- Dumping data for table `user_sub_menu`
--

INSERT INTO `user_sub_menu` (`id`, `menu_id`, `title`, `url`, `icon`, `is_active`) VALUES
(1, 1, 'Dashboard', 'admin', 'fas fa-fw fa-solid fa-leaf', 0),
(2, 2, 'My Profile', 'user', 'fas fa-fw fa-user', 1),
(3, 2, 'Edit Profile', 'user/edit', 'fas fa-fw fa-user-edit', 1),
(4, 3, 'Menu Management', 'menu', 'fas fa-fw fa-folder', 1),
(5, 3, 'Submenu Management', 'menu/submenu', 'fas fa-fw fa-folder-open', 1),
(6, 1, 'Role', 'admin/role', 'fas fa-fw fa-user-tie', 1),
(7, 2, 'Change Password', 'user/changepassword', 'fas fa-fw fa-key', 1),
(16, 7, 'Measurement', 'data', 'fas fa-weight', 1),
(17, 7, 'History Sensor', 'data/historysensor', 'fas fa-history', 1);

-- --------------------------------------------------------

--
-- Table structure for table `user_token`
--

CREATE TABLE `user_token` (
  `id` int(11) NOT NULL,
  `email` varchar(128) NOT NULL,
  `token` varchar(128) NOT NULL,
  `date_created` int(11) NOT NULL
) ENGINE=InnoDB DEFAULT CHARSET=utf8mb4 COLLATE=utf8mb4_general_ci;

--
-- Indexes for dumped tables
--

--
-- Indexes for table `bbpb_bbtb`
--
ALTER TABLE `bbpb_bbtb`
  ADD PRIMARY KEY (`id`);

--
-- Indexes for table `bbu`
--
ALTER TABLE `bbu`
  ADD PRIMARY KEY (`id`);

--
-- Indexes for table `data_pengukuran`
--
ALTER TABLE `data_pengukuran`
  ADD PRIMARY KEY (`id`);

--
-- Indexes for table `headu`
--
ALTER TABLE `headu`
  ADD PRIMARY KEY (`id`);

--
-- Indexes for table `historysesnor`
--
ALTER TABLE `historysesnor`
  ADD PRIMARY KEY (`id`);

--
-- Indexes for table `imtu`
--
ALTER TABLE `imtu`
  ADD PRIMARY KEY (`id`);

--
-- Indexes for table `pbu_tbu`
--
ALTER TABLE `pbu_tbu`
  ADD PRIMARY KEY (`id`);

--
-- Indexes for table `status`
--
ALTER TABLE `status`
  ADD PRIMARY KEY (`id`);

--
-- Indexes for table `user`
--
ALTER TABLE `user`
  ADD PRIMARY KEY (`id`);

--
-- Indexes for table `user_access_menu`
--
ALTER TABLE `user_access_menu`
  ADD PRIMARY KEY (`id`);

--
-- Indexes for table `user_menu`
--
ALTER TABLE `user_menu`
  ADD PRIMARY KEY (`id`);

--
-- Indexes for table `user_role`
--
ALTER TABLE `user_role`
  ADD PRIMARY KEY (`id`);

--
-- Indexes for table `user_sub_menu`
--
ALTER TABLE `user_sub_menu`
  ADD PRIMARY KEY (`id`);

--
-- Indexes for table `user_token`
--
ALTER TABLE `user_token`
  ADD PRIMARY KEY (`id`);

--
-- AUTO_INCREMENT for dumped tables
--

--
-- AUTO_INCREMENT for table `bbpb_bbtb`
--
ALTER TABLE `bbpb_bbtb`
  MODIFY `id` int(11) NOT NULL AUTO_INCREMENT, AUTO_INCREMENT=485;

--
-- AUTO_INCREMENT for table `bbu`
--
ALTER TABLE `bbu`
  MODIFY `id` int(11) NOT NULL AUTO_INCREMENT, AUTO_INCREMENT=123;

--
-- AUTO_INCREMENT for table `data_pengukuran`
--
ALTER TABLE `data_pengukuran`
  MODIFY `id` int(11) NOT NULL AUTO_INCREMENT, AUTO_INCREMENT=41;

--
-- AUTO_INCREMENT for table `headu`
--
ALTER TABLE `headu`
  MODIFY `id` int(11) NOT NULL AUTO_INCREMENT, AUTO_INCREMENT=123;

--
-- AUTO_INCREMENT for table `historysesnor`
--
ALTER TABLE `historysesnor`
  MODIFY `id` int(11) NOT NULL AUTO_INCREMENT, AUTO_INCREMENT=274;

--
-- AUTO_INCREMENT for table `imtu`
--
ALTER TABLE `imtu`
  MODIFY `id` int(11) NOT NULL AUTO_INCREMENT, AUTO_INCREMENT=125;

--
-- AUTO_INCREMENT for table `pbu_tbu`
--
ALTER TABLE `pbu_tbu`
  MODIFY `id` int(11) NOT NULL AUTO_INCREMENT, AUTO_INCREMENT=125;

--
-- AUTO_INCREMENT for table `status`
--
ALTER TABLE `status`
  MODIFY `id` int(11) NOT NULL AUTO_INCREMENT, AUTO_INCREMENT=2;

--
-- AUTO_INCREMENT for table `user`
--
ALTER TABLE `user`
  MODIFY `id` int(128) NOT NULL AUTO_INCREMENT, AUTO_INCREMENT=7;

--
-- AUTO_INCREMENT for table `user_access_menu`
--
ALTER TABLE `user_access_menu`
  MODIFY `id` int(11) NOT NULL AUTO_INCREMENT, AUTO_INCREMENT=22;

--
-- AUTO_INCREMENT for table `user_menu`
--
ALTER TABLE `user_menu`
  MODIFY `id` int(11) NOT NULL AUTO_INCREMENT, AUTO_INCREMENT=8;

--
-- AUTO_INCREMENT for table `user_role`
--
ALTER TABLE `user_role`
  MODIFY `id` int(11) NOT NULL AUTO_INCREMENT, AUTO_INCREMENT=3;

--
-- AUTO_INCREMENT for table `user_sub_menu`
--
ALTER TABLE `user_sub_menu`
  MODIFY `id` int(11) NOT NULL AUTO_INCREMENT, AUTO_INCREMENT=18;

--
-- AUTO_INCREMENT for table `user_token`
--
ALTER TABLE `user_token`
  MODIFY `id` int(11) NOT NULL AUTO_INCREMENT, AUTO_INCREMENT=5;
COMMIT;

/*!40101 SET CHARACTER_SET_CLIENT=@OLD_CHARACTER_SET_CLIENT */;
/*!40101 SET CHARACTER_SET_RESULTS=@OLD_CHARACTER_SET_RESULTS */;
/*!40101 SET COLLATION_CONNECTION=@OLD_COLLATION_CONNECTION */;
